brand,tier,year,season,dispersion_mean,dispersion_std,lab_entropy_mean,mean_L,saturation_mean,saturation_std,value_mean,hue_conc_mean,hue_mean,n_images,ARI_raw,ARI
Isabel Marant,Fast Fashion,2009,Fall,28.445971870422362,5.756575734566458,2.183960542363738,35.012093766530356,0.1595842303872729,0.20178010254228065,0.36488601970445983,0.567725517258293,0.22110466547434526,30,0.5690413247769626,0.32156464305948285
Isabel Marant,Fast Fashion,2010,Fall,31.05490706761678,7.78795054050472,2.426665992510059,33.90761111577352,0.3143242303253462,0.2640474904798546,0.39073229413836574,0.7908831292306725,0.32627637716256236,30,1.584391265127601,0.8953378066821656
Isabel Marant,Fast Fashion,2010,Spring,29.453012466430664,5.779496338467598,2.4922765836328424,45.073695755004884,0.2700096786951646,0.21921922813907668,0.5101171333824284,0.5576188522073807,0.4052410201933778,30,0.6854177248633605,0.38732882208285696
Isabel Marant,Fast Fashion,2011,Fall,24.36820562954607,8.395418590939942,2.467457940229614,40.36774069687416,0.19430305170335258,0.18262190440913423,0.4275694459162267,0.4660128881821323,0.4341888454622942,29,0.3605675649403978,0.20375634469839465
Isabel Marant,Fast Fashion,2011,Spring,29.179762840270996,6.872935258545903,2.3095470969181293,36.61407102857317,0.3606132793777755,0.2814821472575183,0.4196848817035955,0.7555153830774232,0.38156112460770447,28,1.5839492856809225,0.8950880445703076
Isabel Marant,Fast Fashion,2012,Fall,28.68650697072347,8.720932746359,2.3577121253105613,37.038503646850586,0.301922651463033,0.24618360814570378,0.4186028840844519,0.6300259114576385,0.2685294613722323,30,1.261198739341995,0.7127020565730224
Isabel Marant,Fast Fashion,2012,Spring,29.96033624013265,6.320723036590143,2.497419776212476,50.479987970987956,0.3637370155374519,0.23401394122690186,0.5849477164550995,0.5927509680120069,0.3800324431840796,30,0.7353259482406518,0.4155319056503675
Isabel Marant,Fast Fashion,2013,Fall,15.023117526372273,6.580688921678523,2.09979573478241,30.239063707987466,0.15809425857812162,0.14441657743524444,0.3209286335531001,0.6716317771098975,0.44958521403521295,30,-0.44675605759755926,-0.2524613695715847
Isabel Marant,Fast Fashion,2013,Spring,35.61249193651923,4.604882926339962,2.791910447214214,49.657488855822336,0.35750013355111127,0.29953511186135995,0.5589614686324292,0.5359996718984695,0.4831375937655263,29,1.9025865099487822,1.0751495986715305
Isabel Marant,Fast Fashion,2014,Fall,18.47856806119283,8.11643602848375,2.0422374512996333,31.30819902420044,0.2478728424393882,0.1533609891797312,0.3342805291725012,0.8004120196785304,0.3076529598510824,30,-0.19220086384584462,-0.10861250226868485
Isabel Marant,Fast Fashion,2014,Spring,26.640460968017578,9.319743862336784,2.2039665462653146,43.75568822224935,0.2403258478103826,0.19237494376135414,0.47759111826193207,0.8455105396224977,0.4554868896608551,30,-0.19970364240146873,-0.11285231439329504
Isabel Marant,Fast Fashion,2015,Fall,24.141098817189533,9.718692811330277,2.4320962787106337,33.47647627194723,0.1692012846862897,0.19784164074716487,0.359914254769807,0.6543942391637992,0.36336300594218385,30,0.5241246736608759,0.29618229162967596
Isabel Marant,Fast Fashion,2015,Spring,21.918919595082603,6.172159229021214,2.135263425533732,36.77958472569784,0.24164662355991698,0.18578265204392547,0.4070047083480283,0.7853394230716012,0.33034888201561596,30,-0.05483554337594096,-0.03098750682047321
Isabel Marant,Fast Fashion,2016,Fall,23.441798814137776,5.899377295943559,2.623209374002711,31.745898818969728,0.28901885771136726,0.18681595137065057,0.36701386351880305,0.6435330892733919,0.4139439468723644,30,0.9829048735297382,0.5554384911181978
Isabel Marant,Fast Fashion,2016,Pre-Fall,28.84504839579264,8.35671667469945,2.2410651077005004,41.7703556060791,0.33869023892367256,0.2537175572220508,0.473713210921331,0.6944711802993907,0.4717303129084408,30,0.9942081024209958,0.5618259336563325
Isabel Marant,Fast Fashion,2016,Resort,24.52749152805494,5.229973395500121,1.8205458522844296,44.924623074738875,0.3258905171952817,0.1470307272145429,0.4998977120008076,0.8382751896644699,0.19811844716147192,23,-0.7799890951518978,-0.44077100212557935
Isabel Marant,Fast Fashion,2016,Spring,27.05226885477702,7.196687221050838,2.5761097100938852,38.20142990748088,0.20465424505403884,0.1848544453324072,0.4063762161925435,0.5081120871908646,0.4012885228573034,30,0.6899588902692733,0.3898950297891229
Isabel Marant,Fast Fashion,2017,Fall,25.456310431162517,7.093340744268003,2.2736497805572724,28.365007464090983,0.4115758014947176,0.210348410975399,0.3494933399812318,0.7498428439839595,0.6481637581144459,30,1.4031898690522018,0.7929410918676413
Isabel Marant,Fast Fashion,2017,Pre-Fall,23.19420167674189,5.4548097824884545,2.005053890871195,31.164553434952445,0.5478415061607957,0.19353530085502416,0.390900274756162,0.8631082622796238,0.2848603154919717,23,1.0627878475536898,0.6005802741663977
Isabel Marant,Fast Fashion,2017,Resort,24.004328982035318,5.931803012056507,1.252290469394591,38.45464572906494,0.11411825902915246,0.0893281262142997,0.38625151306465266,0.8749178338815824,0.16983665333390233,15,-1.956902720033744,-1.105843630805595
Isabel Marant,Fast Fashion,2017,Spring,24.128540007273354,7.185694391220956,1.9218724356233958,29.106559340159098,0.46390915201821675,0.21786355685756725,0.3516653663670333,0.8678184515445146,0.22208950356628432,30,1.1278514435326594,0.6373476425562845
Isabel Marant,Fast Fashion,2018,Fall,23.959542338053385,6.789433813161243,2.121031753124816,38.13052527109782,0.2092200000759214,0.16780944119253313,0.4088776557206176,0.7333967972737155,0.2880572723376875,30,-0.2071514472727319,-0.11706106094776211
Isabel Marant,Fast Fashion,2019,Fall,22.57377496258966,5.634909227897171,2.1555326174795564,44.38497365754226,0.2805808597177524,0.19717326905936092,0.46898202769259184,0.7467723900970095,0.24292815363216053,29,-0.13059712467507592,-0.07380029525482316
Isabel Marant,Fast Fashion,2019,Pre-Fall,24.819805092281765,4.062966956119209,1.2402347848192408,45.19803672366672,0.13850492706315384,0.07182278068933073,0.46351156467245885,0.8736258806201621,0.17480504094566113,18,-2.3959866833674632,-1.353969508127232
Isabel Marant,Fast Fashion,2019,Resort,22.795250058174133,4.718375658390698,1.5934824263110128,38.3471314907074,0.6246206952879826,0.15844464239974812,0.47620000938574475,0.9069402629199127,0.14039515051990745,24,0.1892327310033265,0.10693521357891957
Isabel Marant,Fast Fashion,2019,Spring,22.56283473968506,8.234493430614819,2.438714942420545,33.796267476575125,0.32538385905999817,0.17647253137311564,0.3799786422157917,0.6250831775617047,0.5070153635105936,29,0.7576697490617734,0.4281583635591184
Isabel Marant,Fast Fashion,2020,Fall,22.203438886006673,5.425853275793097,2.100672879951083,45.86295782725016,0.3147673269927501,0.18389905101866058,0.49357150820459544,0.7843382519083276,0.3544010817770846,30,-0.3430455218472028,-0.19385465691650186
Isabel Marant,Fast Fashion,2020,Pre-Fall,21.066477576891582,6.573859954576914,1.9708049300817363,46.84282994270325,0.27338360120837263,0.13227894804956733,0.5088653729635989,0.6691838929098792,0.4530147492591447,24,-0.9867706094427245,-0.5576230143415487
Isabel Marant,Fast Fashion,2020,Resort,20.893734849017598,4.58071351073691,2.276506713985957,44.835596996804945,0.17240576956623596,0.16958002087256177,0.4540637811486731,0.5687197113505319,0.2798712957539069,23,-0.44661204678824934,-0.2523799892175118
Isabel Marant,Fast Fashion,2020,Spring,24.132107496261597,6.380105876256694,2.0977392477153254,51.3489784513201,0.22038487714848345,0.17645556665996281,0.544746790211681,0.7873177725637136,0.32095189456598433,28,-0.9231955141165747,-0.5216967960760496
Isabel Marant,Fast Fashion,2021,Fall,28.70546531677246,5.960265471328372,2.4108188512172575,47.72266808871565,0.26783760282618857,0.1980935833224407,0.5279313119505693,0.646129345286659,0.3840421691683908,29,0.17847177516849852,0.10085420896407617
Isabel Marant,Fast Fashion,2021,Resort,24.200585031509398,7.316602773136819,1.841599876196987,65.56711483001709,0.2808809523528907,0.16152737007557844,0.724714124923665,0.7856489673059277,0.3394175662220688,20,-1.9460641926123472,-1.099718790570278
Isabel Marant,Fast Fashion,2021,Spring,27.019905471801756,5.688500174317463,1.9367094038997468,45.74060662587484,0.33513466279696047,0.18458569046743512,0.5439132200280204,0.7966277442079611,0.5839908605412657,30,-0.3330797981662205,-0.18822303713992314
Isabel Marant,Fast Fashion,2022,Fall,24.060736179351807,8.118752181336012,1.9740191458565954,49.744105402628584,0.3520410614749106,0.1455883247295174,0.5710933471980194,0.6535880566735316,0.3976279281831191,30,-0.7208106027763294,-0.40732929947769736
Isabel Marant,Fast Fashion,2022,Pre-Fall,20.3723744062277,8.261935996295017,2.097447867623356,41.860910158890945,0.1937784321212496,0.1244714011416521,0.45307813871823827,0.6893377066580209,0.5263793691360534,26,-0.9677964337665694,-0.5469007279925877
Isabel Marant,Fast Fashion,2022,Resort,27.89464505513509,7.575062940378675,2.629348886833648,61.304660978771395,0.2897327624181551,0.2146539698681526,0.6641931027337643,0.5246303962067991,0.35620665667911194,21,-0.09488637028823946,-0.053620186205117784
Isabel Marant,Fast Fashion,2022,Spring,29.93432919184367,6.887544459981902,2.6077573354326407,45.59578641255697,0.34028431183925517,0.23208251305507802,0.5291696790861586,0.6131177063428127,0.48916149455889824,30,0.9979157372907819,0.5639211141495329
Isabel Marant,Fast Fashion,2023,Fall,26.341089839027042,7.975135860757933,2.2473466322719355,45.46709460303897,0.30153639475194116,0.18583931991994432,0.5129736813951196,0.7429286202894559,0.4213264620101212,21,-0.059235636862216674,-0.03347399493607217
Isabel Marant,Fast Fashion,2023,Pre-Fall,27.669584187594328,8.141558962486577,2.2329696864229684,39.74730482968417,0.2661690253197554,0.19262161495856162,0.4491668533709493,0.6108911930413103,0.5020109180061211,22,0.4246942910903761,0.23999428895151792
Isabel Marant,Fast Fashion,2023,Resort,24.517581276271653,5.450142914773496,2.1452702160145343,65.63161526555601,0.24171422974259144,0.1499198829271279,0.7174124568616567,0.753024376662309,0.4646332590406274,23,-1.8553118073804469,-1.0484347148920645
Isabel Marant,Fast Fashion,2023,Spring,24.44300496989283,6.745241968555605,2.0795669853608754,51.93621513761323,0.2637683943235476,0.19327749284785944,0.5579534995306347,0.8137210257980257,0.26114784129172686,29,-0.7301826457590934,-0.4126254309276793
Lacoste,Fast Fashion,2006,Fall,32.59302609761556,7.526688272342694,2.2417216801599773,38.79666964213053,0.5240883098724608,0.2573764735165811,0.47077255712002514,0.6938222721540908,0.4235064353578491,30,1.8860684893840551,1.0658152829449399
Lacoste,Fast Fashion,2006,Spring,29.92004305521647,7.60336986918411,2.3394203679929215,59.64616349538167,0.4093076130884389,0.24553750998675597,0.6725712470069838,0.5485774645773742,0.4350612006931177,30,0.4010095754873199,0.22661008153591886
Lacoste,Fast Fashion,2007,Fall,25.088583617374816,6.643174290029476,2.336261734317344,47.20657874797953,0.2850436847522726,0.1984903101748106,0.5084073163945677,0.5743099955154488,0.3629761804277639,29,0.16750093515439834,0.09465459902435946
Lacoste,Fast Fashion,2007,Spring,30.411421512735302,9.17595047879777,2.4517475038817045,63.14914367938864,0.3056039225346376,0.22892317917811975,0.6876879094134823,0.46657347477843897,0.45986645729248893,29,-0.001977359521007524,-0.001117403747122007
Lacoste,Fast Fashion,2008,Fall,23.57460331094676,8.010727500248073,1.9676349039581833,41.118317242326405,0.3081977022359918,0.18668607727974273,0.44483355333938684,0.873753076413717,0.17362721827036923,29,-0.22207350804810322,-0.1254935015070219
Lacoste,Fast Fashion,2008,Spring,22.437048403422036,6.299648752910976,1.7159947354374396,69.15056953430175,0.25328158476147794,0.1643643839159704,0.717824587435027,0.8609851548447025,0.18629898683602608,30,-2.3630992939962474,-1.3353848796233914
Lacoste,Fast Fashion,2009,Fall,22.676844437917072,5.5387832745218954,2.0070339442289926,53.751621341705324,0.29335906178914006,0.19090916678626074,0.5662413205447296,0.7665334081686042,0.29797842510022843,30,-0.8099954467564691,-0.4577275592737324
Lacoste,Fast Fashion,2009,Spring,26.553325784617456,10.061357698990728,2.356308351019869,60.33492594751819,0.2018858499103065,0.1937570257563061,0.6400194837975733,0.7074189839951124,0.37223892504523975,29,-0.9488543234634477,-0.5361965617515785
Lacoste,Fast Fashion,2010,Fall,28.124091625213623,9.512300461781393,2.0808489908171297,33.51039072672526,0.49388546089815594,0.227326202674054,0.4164567401668367,0.6999743965694993,0.3040251910493088,30,1.5046700541045543,0.8502874357324922
Lacoste,Fast Fashion,2010,Spring,29.045630900065103,6.5466841080174785,1.9687678382372804,69.29598776499431,0.35398044631841274,0.21108405212617026,0.7363322976220399,0.7103102479742464,0.3041305452132598,30,-1.0328830600789791,-0.5836811107992307
Lacoste,Fast Fashion,2011,Spring,24.239522139231365,8.791587665836875,1.8362635371828977,67.99197642008464,0.22817644414606814,0.17447847961941113,0.7383597542338693,0.7256127026356283,0.4772925076747313,30,-2.047980197275339,-1.15731141563024
Lacoste,Fast Fashion,2012,Fall,18.513041150980982,8.106203408253432,1.8410075286404817,30.710979198587353,0.27615238976398293,0.14853953066741463,0.3529190069791893,0.6748795645933553,0.48076911012664564,29,-0.18426467001743063,-0.1041277676377069
Lacoste,Fast Fashion,2012,Pre-Fall,28.17838770767738,9.422497533379664,2.319385716172934,26.396964204722437,0.2969419114982773,0.20070703292029207,0.29935254137799266,0.4155018545946939,0.425804168094917,29,1.703347005686485,0.9625595682434844
Lacoste,Fast Fashion,2012,Spring,23.11885331471761,7.41832912009436,1.8233805818485462,52.80265026092529,0.267006139170782,0.1421085809838772,0.5885568690455829,0.6944370561144438,0.3864439489362761,30,-1.3689080175960835,-0.7735684543334065
Lacoste,Fast Fashion,2013,Fall,18.20004838088463,6.740180421324388,1.8786226805360684,41.914062795967894,0.2681603919880079,0.16825652722414292,0.46558297083568595,0.7223978429089477,0.3323587309053681,29,-0.7168330658679398,-0.4050815976316082
Lacoste,Fast Fashion,2013,Pre-Fall,27.978287560599192,10.578024851164399,1.8574211365879727,32.49196906316848,0.5447562698688624,0.2534155587051951,0.43292102264652826,0.7386389772892923,0.6133655948056729,21,1.636097671144331,0.9245570413329626
Lacoste,Fast Fashion,2013,Spring,22.973568439483643,7.742550325704429,2.344918003663312,50.728546714782716,0.3206187571215133,0.2266113413189493,0.5641660254153733,0.5898376553340959,0.49708259277876155,30,0.1515782243820837,0.0856566922237495
Lacoste,Fast Fashion,2014,Fall,18.156631565093996,7.215462268366533,1.7579461610969884,27.52894965807597,0.3558444838646178,0.15774023111020669,0.325555038495548,0.8125664015337843,0.4655726749803716,30,0.06870626480203978,0.03882583663968141
Lacoste,Fast Fashion,2014,Spring,20.514091623240503,5.767779915782554,1.8391471174051444,50.75806394116632,0.3587559711861199,0.1776855377986524,0.5396987236212489,0.7786265802069482,0.33320437382412105,29,-0.7946572397858193,-0.4490599549453074
Lacoste,Fast Fashion,2015,Fall,26.555194664001466,6.951170908796807,1.8484645891917577,39.47364819844564,0.4184337177070168,0.2418759010171634,0.46171321222831807,0.7093546777619752,0.4610357709372649,30,0.8201108845421623,0.4634437823305056
Lacoste,Fast Fashion,2015,Spring,30.851023772667194,11.2461709440525,2.0629851241833497,51.53067010024498,0.3834518397805955,0.22764774876901825,0.5842975071357435,0.652062200437657,0.46065414214302014,29,0.3446700000401533,0.1947726478031546
Lacoste,Fast Fashion,2016,Fall,24.814695898691813,8.370385283020365,1.8502950040516561,27.357972145080566,0.5107280281107252,0.21446853904618202,0.34688602347020053,0.6950111731083543,0.4890868379390294,30,1.4926708131996616,0.8435066775510386
Lacoste,Fast Fashion,2016,Spring,31.389821710257696,8.931501341498658,2.165006322775223,53.51165896448596,0.38358381495329325,0.2426090613635021,0.6175597141352964,0.6046945670465976,0.4007129677450083,29,0.4810945652296395,0.27186602345016403
Lacoste,Fast Fashion,2017,Fall,18.458900006612144,6.490135976961023,1.8321338031643093,27.398291238149007,0.3227485842542723,0.13073226028947443,0.3301014465087714,0.6442173984749721,0.4766901673920142,30,0.003967300629804689,0.002241917336026243
Lacoste,Fast Fashion,2017,Spring,30.08172314255326,6.421108819234313,1.9207120291741253,47.74859838132505,0.40186692536287694,0.2256736936967157,0.55827045095129,0.6576374244358083,0.5668904291376282,27,0.4124034390823534,0.23304874164806702
Lacoste,Fast Fashion,2018,Fall,24.977941184208312,7.055515039165591,2.451042939122065,37.60308357764934,0.31159472458706844,0.16496679916485588,0.4200121790112221,0.6098470322443281,0.4845478274555202,29,0.538392558025968,0.3042450578002579
Lacoste,Fast Fashion,2019,Fall,27.541795539855958,9.433445940451112,2.0898877522475585,56.344587262471514,0.3932541180993741,0.2282018268005137,0.6307487771214296,0.7174207113450116,0.5628190445036317,30,-0.08935559576032641,-0.05049475144410473
Lacoste,Fast Fashion,2019,Spring,25.435377407073975,7.586537373481908,2.166627179507351,44.583209133148195,0.2427259506336413,0.1658834799927702,0.48270040972298006,0.7505741049101469,0.6619847546988167,20,-0.41793886220590626,-0.23617680332549645
Lacoste,Fast Fashion,2020,Fall,32.00886758168539,8.873502239279565,2.1445089284536265,49.41071294148763,0.5427732174122084,0.24623190568625378,0.5806821064525284,0.6489481573050532,0.35317154916291277,30,1.2016774838432762,0.679066658851425
Lacoste,Fast Fashion,2020,Spring,26.680596417394177,7.60633961470807,1.9628129731874828,55.06999614320952,0.32099609582264227,0.20616118962796146,0.5904792534985804,0.6881826565779245,0.42175690708704416,29,-0.46102982068539283,-0.2605274578020904
Lacoste,Fast Fashion,2021,Fall,29.241217383022967,5.93217593279216,2.463622769634582,43.108733275841026,0.44073568257952817,0.25665155053903155,0.5067708043968626,0.6310610561837126,0.5329776034985091,29,1.488151464371678,0.84095279836959
Lacoste,Fast Fashion,2021,Spring,29.221415655953543,5.768446524892976,2.046893496409841,50.015880652836394,0.4439567201684362,0.24591399668361685,0.5593986111299267,0.7113711154284731,0.2357883414790017,28,0.6439471952666102,0.36389387023205133
Lacoste,Fast Fashion,2022,Spring,28.176792081197103,5.852039926534639,2.1621306146367383,52.99950612386068,0.36313975007015586,0.19038807948267736,0.5954217128075038,0.713994998857054,0.40178504999540743,30,-0.2135792405510924,-0.12069340004374303
Tommy Hilfiger,Fast Fashion,2000,Fall,23.04793259302775,6.70506849160232,2.2573171647965604,33.191470336914065,0.3011700171665909,0.21356562556186848,0.37505779219654695,0.7725864099951062,0.6187113481657269,30,0.717034179637338,0.40519524680725677
Tommy Hilfiger,Fast Fashion,2000,Spring,29.889089171091715,8.319338679379479,2.203280360646661,40.67963498433431,0.41118729853974656,0.21773649388646452,0.5171145189682643,0.6409185576174768,0.5933505348177432,30,0.9261591593785468,0.5233715488388555
Tommy Hilfiger,Fast Fashion,2003,Fall,22.90898663422157,7.806839578119602,2.0609106829955954,35.48471299533186,0.15907826380797754,0.19440885412908165,0.36369493491228283,0.55182348049618,0.3989763285915752,29,0.16725860837518522,0.09451766042101292
Tommy Hilfiger,Fast Fashion,2003,Spring,21.80850693384806,5.085829642802063,1.9157364365720422,39.97678155899048,0.35494097041189665,0.1928727987156436,0.4375513783864056,0.772888554271793,0.23289171520017551,30,0.029859748774348664,0.016873712045839085
Tommy Hilfiger,Fast Fashion,2004,Spring,33.142251841227214,6.997524206673914,2.150960492617247,61.12962951660156,0.39830667905093475,0.2458901888017703,0.7014373958580506,0.6490242174324227,0.4139237533926188,30,0.1246860127205341,0.07045993222144964
Tommy Hilfiger,Fast Fashion,2005,Spring,31.891119066874186,5.951206236916293,2.67375906600802,62.11571871439616,0.31471575600774954,0.22658714099954874,0.6753160906397737,0.4564367964364694,0.39706355063171744,30,0.3268016358649944,0.18467525434883225
Tommy Hilfiger,Fast Fashion,2006,Spring,33.52959225095552,6.63498872317485,2.4384687653104278,55.588855480325634,0.37826314585235227,0.26718255296079546,0.6200538313555177,0.5461160171086858,0.3584614312298764,29,0.9823162062140244,0.5551058358486838
Tommy Hilfiger,Fast Fashion,2007,Fall,23.65089944203695,5.161620600567754,2.5566889799307257,25.156329917907716,0.3267257590318719,0.2608625304837325,0.2682692866267015,0.6440267728853976,0.28303973908944363,30,2.1245395630020876,1.2005750311900267
Tommy Hilfiger,Fast Fashion,2008,Fall,19.436246554056805,4.391649340887143,1.9269804439697953,28.135713386535645,0.4102151210382891,0.2148812766437185,0.33191268597006174,0.7856941342348535,0.25542336897682394,30,0.9005007667490448,0.5088720186498664
Tommy Hilfiger,Fast Fashion,2008,Spring,23.504422253575818,8.138072737100474,1.8751399221827831,49.46275280261862,0.31905117779684344,0.20097105275169488,0.531290074384964,0.6665342440099805,0.37004751146981363,29,-0.3759308625163672,-0.212438127701008
Tommy Hilfiger,Fast Fashion,2009,Fall,25.09549922943115,7.828157771243305,2.033925231081747,38.47911736170451,0.32527182440143076,0.21079717593977956,0.4395942603910342,0.8241720956021191,0.2927430633028348,30,0.299449234496401,0.1692184416360492
Tommy Hilfiger,Fast Fashion,2009,Spring,25.781911087036132,8.787493679158091,1.9157123266740974,52.22040424346924,0.26277428147327153,0.17131660116973876,0.5771955643509824,0.6547762281050797,0.35339277441178757,30,-0.8551558337109493,-0.4832476455647192
Tommy Hilfiger,Fast Fashion,2010,Fall,27.695824114481606,6.271179964191394,2.0755657688279543,35.522848002115886,0.3494987911822895,0.21217943046236434,0.4176305967732643,0.6416049889389142,0.49305850815275526,30,0.9000154164463647,0.508597747713742
Tommy Hilfiger,Fast Fashion,2010,Spring,28.174594370524087,7.440086928654465,1.911627156815044,53.91144663492839,0.309039338620721,0.23493397730157983,0.6009856261796007,0.7237512862775387,0.43716819580115457,30,-0.275504490411016,-0.1556872924036355
Tommy Hilfiger,Fast Fashion,2011,Fall,17.769351959228516,5.929493091246571,2.3696074632655386,21.55614293416341,0.34657150442448137,0.2238838523093027,0.25149098604867853,0.6048706620610143,0.5055963807387277,30,1.665733461852793,0.9413041949156788
Tommy Hilfiger,Fast Fashion,2011,Spring,35.54576518617827,7.845107356150884,2.174336491942082,57.29006944853684,0.37435468723220294,0.2544031632071409,0.678289394833854,0.7441716394691664,0.5451541948364325,29,0.30432095441525586,0.17197144534348008
Tommy Hilfiger,Fast Fashion,2012,Fall,22.620865694681804,5.704682749004781,2.227881692920373,26.270743370056152,0.350629326799605,0.23848049410667235,0.30245543177609024,0.6773382024984571,0.3658235462418602,30,1.5461778728108422,0.8737434596191523
Tommy Hilfiger,Fast Fashion,2012,Spring,28.461538314819336,7.201237049588078,2.091901840396693,40.10130386352539,0.45496819875966754,0.19689732371869711,0.5050055017589902,0.6774153642590137,0.5826421914150163,30,0.7506280193935115,0.42417908966686896
Tommy Hilfiger,Fast Fashion,2013,Fall,25.902059014638265,8.662070151517277,2.5108410793391815,36.51684185663859,0.23799904051581394,0.1975529204996203,0.3923485035091018,0.5792767922672297,0.4599999721412779,30,0.7996197827913653,0.45186428268173534
Tommy Hilfiger,Fast Fashion,2013,Spring,30.34157419204712,8.109985495932902,2.540919549215219,60.20215670267741,0.25939107116612914,0.22283263604501208,0.6541437948066741,0.6185561254287336,0.3991355226138141,30,-0.13740441093216438,-0.07764708542656043
Tommy Hilfiger,Fast Fashion,2014,Fall,29.035253047943115,6.347467306752971,2.436209186669258,34.31346476872762,0.48591544833413014,0.24555342060190768,0.4263419708048614,0.5989563937578315,0.4728945429277606,30,2.0206202245902922,1.1418503243746396
Tommy Hilfiger,Fast Fashion,2014,Spring,33.892208925882976,5.225174023368714,2.3632263549578303,46.42486038208008,0.5578261967012037,0.2804890142144915,0.5694120390240103,0.6139673528597612,0.45295833322694523,30,1.9460762952376591,1.0997256297508773
Tommy Hilfiger,Fast Fashion,2015,Fall,26.100678316752116,7.74847399878482,2.233056618500827,36.622974745432536,0.36075916625928756,0.1949499956610944,0.42949360248285035,0.6527026776205641,0.4779441053938431,30,0.7711585584504631,0.4357808752951009
Tommy Hilfiger,Fast Fashion,2015,Spring,26.55716190338135,5.894400457362749,2.5423193530305213,21.75461416244507,0.4835371815923911,0.25200669396744624,0.28951137946723027,0.5653304495134361,0.5869587219705805,30,2.8095839219454786,1.5876928645914683
Tommy Hilfiger,Fast Fashion,2016,Fall,28.542099698384604,8.2286199056559,2.2487555185572785,33.999812316894534,0.3083812684146066,0.1840388665162935,0.39491713139023626,0.6511736608047541,0.496946616402509,30,0.8072990662169206,0.456203837519267
Tommy Hilfiger,Fast Fashion,2016,Pre-Fall,29.429761341639928,5.681633512716181,2.3608515610879475,27.257686104093278,0.48377983665931973,0.25488363314432744,0.3384327810909932,0.5272204427183727,0.5141339243742238,28,2.5748047219682766,1.455019390185983
Tommy Hilfiger,Fast Fashion,2016,Resort,32.799337296258834,3.6819773669074656,2.5126032673409995,45.29955128261021,0.47276119531513683,0.253195645394611,0.5367410023351245,0.6132330071916725,0.30375271797573766,21,1.6399787527121108,0.9267502363693987
Tommy Hilfiger,Fast Fashion,2016,Spring,33.22600917816162,7.682561912990016,2.6400957084897736,40.99063533147176,0.4134430833606049,0.2602914679047783,0.4826653721260217,0.5115175262612427,0.350467349396095,30,2.0181732683928346,1.1404675520487
Tommy Hilfiger,Fast Fashion,2017,Fall,27.396689546519312,6.450210173338019,1.9909117982438378,21.20719498601453,0.49199964594510226,0.2139307145405653,0.29983503232649045,0.6379402328358527,0.6384620825000316,29,2.0275771396159024,1.1457816696031824
Tommy Hilfiger,Fast Fashion,2017,Pre-Fall,29.95055000305176,4.06125364507444,2.2930036034686996,32.86263404846191,0.4241742210125923,0.24044224568991016,0.40958683918539435,0.6376059749124129,0.4469300461144931,25,1.748945924482352,0.9883274684082721
Tommy Hilfiger,Fast Fashion,2017,Spring,31.098985290527345,7.043646127158396,1.6874988608840327,38.39395736694336,0.4188649657890573,0.2602888304937958,0.4650845576708391,0.7419529617017823,0.6074870229045534,25,1.0330774475475113,0.5837909589494653
Tommy Hilfiger,Fast Fashion,2018,Fall,27.93153330485026,5.883793658819728,2.343852898840609,21.51211477915446,0.35419593164908386,0.25839461495521093,0.29090092026730996,0.7089582046426551,0.39922487308695753,30,2.1823142647469314,1.2332234532562636
Tommy Hilfiger,Fast Fashion,2019,Spring,39.400645637512206,8.468680464710125,2.556485596752655,52.27862790425618,0.401593012469386,0.29408962419415574,0.6262206606286889,0.38529129743511387,0.5032271865245342,30,1.9043144339863785,1.0761260466941787
Tommy Hilfiger,Fast Fashion,2020,Fall,24.95067413330078,5.881441626727551,2.5437656665566144,25.32179504394531,0.4727974717497081,0.27345955870625677,0.2957581262419,0.6761830909716933,0.2746260834938567,25,2.6292910634814795,1.485809563407897
Tommy Hilfiger,Fast Fashion,2020,Spring,29.52416573251997,6.000656318514838,2.2837209488928045,52.051068033490864,0.16781309188799262,0.15609722509645477,0.5460865643432896,0.6658983492878129,0.3322019830984645,28,-0.7472945574398273,-0.4222953538877338
Tommy Hilfiger,Fast Fashion,2021,Fall,20.542543002537318,5.948132111690039,2.0508035582248305,28.065490768069314,0.29668140094124135,0.1896839518018512,0.33497180934055215,0.7042439693665278,0.441249417994382,21,0.5662973575553903,0.320014030121982
Tommy Hilfiger,Fast Fashion,2022,Spring,24.214691225687663,5.263668128262948,1.741701774553582,44.48153409957886,0.3736927277377496,0.15637722161600268,0.5006943915508687,0.9155598413876186,0.20121994538151966,30,-0.7070676358536498,-0.3995631635915175
Tommy Hilfiger,Fast Fashion,2023,Spring,27.12778771718343,4.757536555649342,2.4763102878914203,49.82466354370117,0.18608378736174971,0.1393751998720383,0.516509814668695,0.5724985482867236,0.44479191728091483,30,-0.5259558832200335,-0.2972171061899163
Tory Burch,Fast Fashion,2006,Fall,26.068276988135445,6.229002677242421,2.777746594920951,21.019263373480904,0.40532788245224705,0.26493405490763855,0.2427451067390955,0.4542997315246093,0.40672803662440526,18,3.1083032697178714,1.7564988480216543
Tory Burch,Fast Fashion,2007,Fall,31.494534368100375,5.3389433184852155,2.4295096028823067,35.460171326347016,0.4013122835362573,0.28484561336223796,0.4096197893635329,0.5797638062153113,0.43277144134726436,23,2.211204699283351,1.2495494068646038
Tory Burch,Fast Fashion,2007,Spring,30.229546970791286,8.365408551542568,2.1529823050723493,56.15710078345405,0.24692403786246558,0.2144119337558382,0.6002061101698524,0.6544505562616463,0.22060247818447853,18,-0.3386369679695583,-0.1913633878428034
Tory Burch,Fast Fashion,2008,Fall,27.994597361637997,4.449962310920149,2.6493225592699456,42.610820696904106,0.259915015228415,0.2206557509800437,0.4510455551867087,0.6584477710152026,0.324530370850698,26,0.8361119028228223,0.4724859406201965
Tory Burch,Fast Fashion,2008,Pre-Fall,24.803765949450042,3.2987545995416543,2.073347262804027,48.53953241047106,0.2752768328201124,0.16018245535430334,0.518291446232482,0.7763324099970618,0.20137484321968727,19,-0.7025469325199296,-0.3970085189803281
Tory Burch,Fast Fashion,2008,Resort,24.589138439723424,6.235817483275152,2.2625718567284294,50.73827997843424,0.2791674652369249,0.17352524116692966,0.5720175734221757,0.7598522490982029,0.6346946731389034,21,-0.6312884924578311,-0.3567404508351445
Tory Burch,Fast Fashion,2008,Spring,33.97464353388006,7.126038764188617,2.62249379054176,57.39634123715487,0.3293291762100363,0.28260956088849554,0.6117394044198181,0.591036101594408,0.30517522406311365,22,1.0351795346746635,0.5849788461332082
Tory Burch,Fast Fashion,2009,Fall,24.476867807322535,7.959975612272859,2.1763314914314797,23.977536859183477,0.26778084721968604,0.2563580796505197,0.2690152855081291,0.5459662505319044,0.3730003488420284,29,1.7805672112661284,1.0061966236962332
Tory Burch,Fast Fashion,2009,Pre-Fall,29.86636984348297,5.822421577855388,2.291164426073352,48.10600781440735,0.3659972716719494,0.21006461945972263,0.5339068818643573,0.6537382068007312,0.31113458548067136,16,0.5146309013334477,0.290817371057424
Tory Burch,Fast Fashion,2009,Resort,32.728169565615445,7.562191842388556,2.2450469308539938,50.09044738437819,0.4237347266409627,0.21249046549699346,0.5942141557397401,0.7156331551329802,0.31327806535683084,23,0.5185259744189123,0.29301847268551573
Tory Burch,Fast Fashion,2009,Spring,27.74327168097863,5.67936577509679,2.2347655011692633,51.26121000143198,0.2800286549535723,0.18240456711506392,0.5614769338316355,0.6998475290903817,0.24004415884664135,26,-0.34975805203524907,-0.1976479005351286
Tory Burch,Fast Fashion,2010,Fall,28.13580397901864,7.652602634959779,2.3519310872102706,29.32730849035855,0.3648749513818786,0.2576526489299054,0.3561909505103811,0.629702084448668,0.3203020812877381,29,1.9191422066190125,1.0845052051249815
Tory Burch,Fast Fashion,2010,Pre-Fall,30.628545200123508,4.337706515813821,2.202088095363476,35.915040745454675,0.3533467896912137,0.22231253096305614,0.39906482968238344,0.5660678534484926,0.3014036104668151,17,1.3579651470566796,0.767384649913879
Tory Burch,Fast Fashion,2010,Resort,25.17204737663269,4.870473515821849,2.176804099140491,47.39850890636444,0.21653668226499573,0.1335016266989503,0.515409328724898,0.7372269160679078,0.41651496851776026,16,-0.925035697816866,-0.5227366819138312
Tory Burch,Fast Fashion,2010,Spring,30.52351372582572,5.301523744976554,2.3562627019719278,50.462017331804546,0.28665084797606266,0.22881270407649074,0.5515669582630508,0.5567306737686879,0.34954473143298365,28,0.49261643479448325,0.2783770195987286
Tory Burch,Fast Fashion,2011,Fall,30.0960069853684,4.9626200535479805,2.273995790559138,32.46434810243804,0.4551918578375259,0.30134789604421897,0.38564220115799325,0.7432116804627819,0.2739739707546421,29,2.290762437722006,1.2945073996319536
Tory Burch,Fast Fashion,2011,Pre-Fall,28.25576051076253,4.833107537389087,2.1454677588950006,51.50381088256836,0.288126508018985,0.19229153887188863,0.5663019744425806,0.7026083519154702,0.26273375185679954,18,-0.3137978095195166,-0.17732680601104228
Tory Burch,Fast Fashion,2011,Resort,40.568030324475515,6.010529686585069,2.5441207171912574,40.88701517828579,0.5764705075600088,0.33612309182830596,0.5251313144485626,0.5852122429383516,0.3711636257722918,29,3.2198766409408957,1.8195488405794664
Tory Burch,Fast Fashion,2011,Spring,27.99251677195231,5.5732369002783795,1.8416517869049518,57.308755493164064,0.3586793363718315,0.21779235062031457,0.6588183224317928,0.8862256224427261,0.2467596018326779,30,-0.766788043167879,-0.4333111017907231
Tory Burch,Fast Fashion,2012,Fall,23.112817205231764,5.029919839010906,2.2733126132222763,28.986324376073377,0.355771888989891,0.20535019235118646,0.3455551147236135,0.6980178605413834,0.48272225230128973,29,1.1302522555844456,0.638704338874936
Tory Burch,Fast Fashion,2012,Resort,34.88632024567703,6.841784398270464,2.360304864844895,55.77946636594575,0.4691528277892362,0.2645210140199483,0.6836181294208971,0.7020306613907725,0.3961716413869169,29,0.8885624958052258,0.5021257145281031
Tory Burch,Fast Fashion,2012,Spring,26.42016347249349,7.269644065364243,2.570014688869135,71.46005083719889,0.23573602546090255,0.18117705845883286,0.7692227583718175,0.5831290736081075,0.4280617457167245,30,-1.3026591144553232,-0.7361312701361239
Tory Burch,Fast Fashion,2013,Fall,22.715609327952066,8.493825970909196,2.304008050319237,26.299844280878702,0.29242864451756084,0.20352747620642997,0.30184758825323854,0.6396447019827805,0.4909350565920894,30,1.1826810326897217,0.6683317846540476
Tory Burch,Fast Fashion,2013,Pre-Fall,23.08405320784625,6.185613759031956,2.363472077858376,32.46059445773854,0.372702810478068,0.2204631295053135,0.3714071624826859,0.6953464357923319,0.5632666865962502,17,1.2122740950370094,0.685054792485636
Tory Burch,Fast Fashion,2013,Resort,28.671110153198242,4.247639053704125,2.4511011993703464,56.72601496378581,0.30245606719298906,0.2225136557900978,0.6107315143244961,0.6274325132138358,0.3583300372395354,30,0.05949181451509817,0.03361876065329131
Tory Burch,Fast Fashion,2013,Spring,29.106980069478354,5.505382068809899,2.326067941023514,57.38416760762532,0.3370393336935279,0.25190347972418625,0.6352543867681797,0.6944448222146575,0.3256967119768766,30,0.1665402727428945,0.0941117297247054
Tory Burch,Fast Fashion,2014,Fall,21.930430786950247,6.431643024556987,2.440826118171967,29.96700825010027,0.2911838850336748,0.17791236759876275,0.3502579915053211,0.6611215648334277,0.4929517404173093,28,0.7796417245169397,0.440574703351877
Tory Burch,Fast Fashion,2014,Pre-Fall,26.838293446434868,8.355412733602584,2.276056632072903,29.56422405772739,0.35111423510468254,0.20092847570271755,0.3517163489704641,0.7339699466980327,0.5567594254072756,18,1.1742875355706404,0.6635886284233888
Tory Burch,Fast Fashion,2014,Resort,25.55951189994812,3.5701598559674688,2.3564087834606293,52.911061922709145,0.31261653588277594,0.19553585832943998,0.5596029531260331,0.6086363610626636,0.25137342134605084,24,-0.07337968087806676,-0.04146677905795847
Tory Burch,Fast Fashion,2014,Spring,28.05203285217285,4.9978322024449575,2.7057868529265976,69.01811167399089,0.15370568294261266,0.17971885778854604,0.7040771329320656,0.5942934480913001,0.30743015970705695,30,-1.1623971289947133,-0.6568693724046476
Tory Burch,Fast Fashion,2015,Fall,29.344223403930663,4.168155033965269,2.2855763734232912,37.31472078959147,0.4183721646804983,0.23730233214917468,0.44510197145538405,0.672385120732335,0.32776951661195297,30,1.406203635559497,0.7946441680924881
Tory Burch,Fast Fashion,2015,Pre-Fall,27.495200276374817,6.484594131525636,2.5284383674754323,35.61204552650452,0.3521020886107193,0.2329473351631974,0.39879772234378225,0.6579944319864676,0.3634603239604039,24,1.4581931099611638,0.8240233643843827
Tory Burch,Fast Fashion,2015,Resort,26.18193634696629,2.906082948210127,2.355433314976934,73.69119594408119,0.18622527676172873,0.20304971153969734,0.76536267505246,0.6503905415311444,0.2797192070987885,23,-1.5967417915679532,-0.9023170759434009
Tory Burch,Fast Fashion,2015,Spring,32.068809509277344,4.720186564359169,2.4851730068943882,50.44634364446004,0.30342976288519174,0.2676467620666453,0.5503260233524565,0.6151986378212541,0.37399561983649615,30,0.9712154468421933,0.5488328086190863
Tory Burch,Fast Fashion,2016,Fall,29.63768657048543,7.689842628223559,2.2347291511926506,39.65213492711385,0.4131147407124129,0.22881443652445146,0.48245648277460906,0.6241974896034814,0.5844319045431912,30,1.1807997142523572,0.6672686536204105
Tory Burch,Fast Fashion,2016,Pre-Fall,29.57636359642292,4.174368805693558,2.2989014783140793,39.56854142813847,0.4767078293486145,0.2466604930008589,0.4850112410085918,0.6856999469600836,0.36936838014687184,29,1.5026490571002002,0.8491453724902767
Tory Burch,Fast Fashion,2016,Resort,28.65055777231852,4.095179157820972,2.2724986495533415,55.07707169850667,0.31067493241950866,0.21600701213169055,0.6065396202073122,0.7331180137200415,0.2386720541030401,30,-0.17655348476954158,-0.0997701851145485
Tory Burch,Fast Fashion,2016,Spring,33.199886322021484,8.473629301630991,2.287233250996168,67.38172189120588,0.3650900889268016,0.2645954369443975,0.7643732445644664,0.6303172930953325,0.33827140533055,29,-0.04710435533910685,-0.026618620742709476
Tory Burch,Fast Fashion,2017,Fall,33.193963050842285,7.582541517803918,2.237645223510439,45.38949515024821,0.3652537979679803,0.25990386172149,0.5206787028427546,0.7404657014261666,0.3636122355741953,30,1.038783389868424,0.5870153808426581
Tory Burch,Fast Fashion,2017,Resort,28.206576307614643,6.76325999573601,1.7876475948385648,46.80173889795939,0.26857021647175616,0.14442120258792404,0.5244898794716767,0.8090738724496958,0.32924025186781847,24,-0.9319611804938415,-0.5266502647558314
Tory Burch,Fast Fashion,2017,Spring,34.06089841908422,4.623973163864266,2.667496150286305,64.2778351224702,0.2379170236565365,0.2182858470646604,0.6948400337967764,0.5478057978824091,0.4205607850909843,29,-0.11862901373574469,-0.06703712858356116
Tory Burch,Fast Fashion,2018,Fall,30.433226618273505,6.5328752819636104,2.2271992656768855,43.15640041745942,0.3478703401036047,0.21719581245148195,0.49882678427438026,0.6600801510338524,0.3377124241611775,29,0.7185844402343952,0.406071297409974
Tory Burch,Fast Fashion,2019,Fall,27.946246476008973,7.238947474944742,2.5657189355713483,41.941533976587756,0.24262088781412172,0.20620506034333327,0.4510888517388817,0.5531614080529796,0.34870461420942866,29,0.7370452361615335,0.41650347341271154
Tory Burch,Fast Fashion,2019,Pre-Fall,21.532931963602703,4.6753177080145765,2.0762505415300376,25.465303262074787,0.5718067644089461,0.2049727091302759,0.3172310594767332,0.8265277132988157,0.1535495889660475,24,1.6222714569105334,0.9167438624804466
Tory Burch,Fast Fashion,2019,Resort,22.643365403880242,4.001911227560604,2.3415019919341487,50.36226231118907,0.29583659858422595,0.2210881460873702,0.5277585808113218,0.6655023477852974,0.2897108801050193,23,0.02987407695400949,0.016881808884816697
Tory Burch,Fast Fashion,2019,Spring,31.178358607821995,6.025572238203609,2.4600314065513733,56.48373271800853,0.2346306250553095,0.23310841697129292,0.6010855567693987,0.5231666559728492,0.3733966017804557,27,0.20468194355109487,0.11566554704006216
Tory Burch,Fast Fashion,2020,Fall,29.04859289629706,8.730362657732856,2.354869474771425,42.077258636211525,0.277712378337337,0.21932457125074833,0.45627343875834525,0.6561301476200545,0.418364062482178,29,0.7003987873983366,0.3957946044732652
Tory Burch,Fast Fashion,2020,Pre-Fall,23.925730878656562,3.7009332730159326,1.8410782283763967,44.70817435871471,0.42384522844089023,0.19835538854225512,0.5001561586985533,0.961444705040756,0.11512688542855899,22,-0.1955204342883806,-0.11048838796975108
Tory Burch,Fast Fashion,2020,Resort,23.0640393892924,5.428867195152405,1.5637098992244616,32.124109625816345,0.6581704020500183,0.15994804042081034,0.39752746125062305,0.9767317349712054,0.0974536106611291,24,0.6086383026014509,0.34394085281078096
Tory Burch,Fast Fashion,2020,Spring,30.478286743164062,9.456306624249532,2.495124400637884,61.55919761657715,0.23278897403472412,0.19205567665234485,0.6592828862897121,0.5636297110917254,0.4625932971682865,30,-0.49257029153226023,-0.2783509440906763
Tory Burch,Fast Fashion,2021,Fall,25.10546244893755,4.4744419262742054,2.338788269606745,33.58766726085118,0.3358948362872803,0.18709359998460182,0.3697053308667881,0.5887912046721285,0.37225871555427353,28,0.9915859559931408,0.5603441615188636
Tory Burch,Fast Fashion,2021,Pre-Fall,25.94516830444336,6.135501621531686,2.295826710050092,49.69784293174744,0.22271473382548423,0.15292508799161106,0.5261482456684579,0.6310297404245593,0.3701225070786895,20,-0.5858892799697184,-0.3310854044909381
Tory Burch,Fast Fashion,2021,Spring,26.860279214793238,5.461307196473736,2.4089357036158137,46.4491873445182,0.28716285264090596,0.20314611653464287,0.4930869611847889,0.6267590730532934,0.26455021663353745,29,0.3519376648566874,0.19887959740566505
Tory Burch,Fast Fashion,2022,Fall,30.08123664855957,7.402865949999945,2.543240948281097,29.729209915796915,0.4261394496526569,0.24409064315152734,0.36203347231453903,0.5433479024713205,0.4508795568542089,30,2.320652954922746,1.3113984988825864
Tory Burch,Fast Fashion,2022,Pre-Fall,26.988094693138486,5.44874325508286,2.299828645851095,37.42205606188093,0.44951257638748554,0.2119092771881553,0.4366547240659239,0.7336181910316861,0.32204473315172694,21,1.1514168900023882,0.6506644511124045
Tory Burch,Fast Fashion,2022,Resort,25.15185891257392,7.649131796876727,2.367255326905521,36.0194345580207,0.2456570832081553,0.16072890544623025,0.387981706609639,0.6009540877181264,0.4892949722777638,18,0.3758953952640398,0.21241808519471125
Tory Burch,Fast Fashion,2022,Spring,35.201755918305494,7.7652338451667395,2.1275730760984435,42.709253738666405,0.4397142777017735,0.2613473917259031,0.5047340168125992,0.715864542354788,0.4851557282313287,29,1.4435600739042858,0.8157542513839326
Tory Burch,Fast Fashion,2023,Fall,22.52885111172994,9.223366049655272,2.0263510129281497,36.20732494990031,0.33880004529322805,0.180300015867808,0.4187984432803777,0.6673952201373304,0.38921167393534756,30,0.27849422747731284,0.15737678961711515
Tory Burch,Fast Fashion,2023,Resort,32.338149422093444,9.229642773664938,2.147127605730035,34.63852199755217,0.4262478224024373,0.23323881954346448,0.43159546512590813,0.6906803088900023,0.3601164288285899,19,1.5156463080449625,0.856490105076166
Tory Burch,Fast Fashion,2023,Spring,24.596084435780842,6.416581290398484,2.3208136853527583,46.99295377731323,0.2377030652301075,0.17708787941308018,0.497248898128327,0.5979639324726944,0.3470294262801452,30,-0.18606107298760566,-0.10514291303179887
Vanessa Bruno,Fast Fashion,2009,Fall,18.552791924312196,5.592886948133509,1.8913831674327803,15.833578043970569,0.2471973249902306,0.21465955258262703,0.1908641016596671,0.7372813490466075,0.1766509752340839,29,1.0981019536094214,0.6205362376690958
Vanessa Bruno,Fast Fashion,2010,Fall,23.743547503153483,7.6239181010487,2.2647748481415113,29.05423069000244,0.2516984505192376,0.2259260507333349,0.32598066174735624,0.5832437917147171,0.2805948669667006,30,1.1720938950337492,0.6623490045058769
Vanessa Bruno,Fast Fashion,2010,Spring,26.252915064493816,8.365826049882264,2.2510846673083176,50.25105272928874,0.24192574619014434,0.18207681151445962,0.5541291589764568,0.627990005985408,0.48991200683723435,30,-0.396223731360613,-0.22390560614663843
Vanessa Bruno,Fast Fashion,2011,Fall,23.447468724744073,5.888154816543024,2.5062835004727813,52.5769839780084,0.14411917122527312,0.15422158274308975,0.5347434835058862,0.565094759704807,0.3255751590617001,29,-0.8024961210927578,-0.4534896983746433
Vanessa Bruno,Fast Fashion,2011,Spring,31.36034615834554,5.011515470677997,2.61261551061409,54.03313579559326,0.39171862736251206,0.27038184586738584,0.6060972660500246,0.4918130453509082,0.3982491561210792,30,1.2383767216753914,0.6998053588371681
Vanessa Bruno,Fast Fashion,2012,Fall,20.771999486287434,8.784487356244,2.2528210999338127,21.716719754536946,0.18665189842227842,0.19933935521721258,0.23666039724859095,0.5798649533280583,0.4809108057262842,30,1.0582539292663584,0.5980181617990789
Vanessa Bruno,Fast Fashion,2012,Spring,18.458854707082114,5.057348640219297,2.201422635039158,71.55967280069987,0.18973934392038108,0.13398950035843873,0.7431840578017755,0.6461482653522727,0.3656399532275119,30,-2.495784985438425,-1.4103654217209762
Vanessa Bruno,Fast Fashion,2013,Fall,25.5580488402268,8.554551336856173,2.158355711784,36.27905378670528,0.1685207920920039,0.18565069840811432,0.3786509865183254,0.4773565056514825,0.45666931771549624,29,0.3479451422091691,0.19662342713444733
Vanessa Bruno,Fast Fashion,2013,Spring,26.352265785480366,7.755043197867268,1.864128418823071,56.819308774224645,0.2547658464772113,0.19315000095498894,0.6244159654809548,0.7550930532057999,0.2157685392586482,29,-1.0964711146348973,-0.6196146523115897
Vanessa Bruno,Fast Fashion,2014,Fall,19.42358345820986,6.071661906257779,2.1442111457800648,32.5707148354629,0.2716750796489289,0.18895298112291561,0.35637322634403945,0.7451205990809645,0.4916635630743514,29,0.2681332693323886,0.15152182326834834
Vanessa Bruno,Fast Fashion,2014,Resort,26.899992796090935,7.2444209624299996,1.731977783152837,42.40025788087111,0.22417806952260433,0.14841456047068863,0.46913847578180806,0.7701303285727694,0.4538041882002592,26,-0.8229082565860305,-0.4650245742758773
Vanessa Bruno,Fast Fashion,2014,Spring,33.07460923030459,9.18118597858351,2.4511974639611602,53.66740463519918,0.46640482454037224,0.25870466603807746,0.6334193416042574,0.5981700553011083,0.36968705265963014,29,1.1429958192559835,0.6459057130544827
Vanessa Bruno,Fast Fashion,2015,Fall,25.337347525137442,10.909776355584581,1.669800801972595,32.93929772906833,0.3849697882710025,0.18215773248707937,0.3866936939352502,0.7123088925913093,0.6230714763241509,27,0.415071372311925,0.23455638785813795
Vanessa Bruno,Fast Fashion,2015,Spring,21.682918051014777,6.691546107405395,2.0442931524352312,61.89216796211574,0.18382214531808602,0.14354710565544962,0.647647414265322,0.6705181896654319,0.4202673001154123,23,-1.907287778251999,-1.0778062803535566
Vanessa Bruno,Fast Fashion,2016,Fall,23.147319285074868,6.455999663732498,1.9022224705436703,30.313349723815918,0.4307986393265736,0.1845258800250532,0.37783242567957687,0.7236618051754781,0.609107990339088,30,0.7526955468869346,0.42534744723861273
Vanessa Bruno,Fast Fashion,2016,Spring,29.04867353439331,7.939993517169324,1.9089301007807395,49.03405609130859,0.34891018930580464,0.2136098054797427,0.5690766200040778,0.8281210256280472,0.3545270990090134,30,-0.18117713826894952,-0.10238300675408514
Vanessa Bruno,Fast Fashion,2017,Fall,25.503675746917725,6.670716727051976,2.353338214948862,27.871405506134032,0.42971368973571805,0.223204411614501,0.3412329474496655,0.7159941350816755,0.3556749875681785,30,1.7089430107746975,0.9657218647242459
Vanessa Bruno,Fast Fashion,2017,Spring,28.014453887939453,7.019621884266235,1.9621494506838044,62.509002344948904,0.40088686664884776,0.2090861361301896,0.7420762057940676,0.7825655513049972,0.293697255548572,28,-0.8590086886039286,-0.48542488973746273
Vanessa Bruno,Fast Fashion,2018,Fall,24.25832778009875,5.206687317819992,1.7113803385181094,27.878590781113196,0.5905097407531635,0.1984341139164462,0.36173036750582654,0.9684478380470706,0.11445479410691664,29,1.1046393696133905,0.6242305244498875
Vanessa Bruno,Fast Fashion,2019,Fall,25.408876010349818,7.199534496682911,1.8711687624604967,37.36239344733102,0.29564080765830086,0.1513651685926003,0.4302767644620368,0.9305927629521126,0.22236564606650996,28,-0.46553774288923866,-0.2630748798104793
Vanessa Bruno,Fast Fashion,2019,Spring,24.645574832784718,4.954173191377583,1.6419847530199518,55.58056541969036,0.5155131599702711,0.21105143214102157,0.6504630298645332,0.8475667638415675,0.252266640866946,29,-0.5080412211303877,-0.28709354983371294
Vanessa Bruno,Fast Fashion,2020,Fall,27.60211799762867,4.961933666979118,2.2863992236566415,44.58966562483046,0.3592442697678796,0.2174837376472436,0.5148197664749566,0.7553256046092146,0.3087298891369115,27,0.4789565926531087,0.2706578574374187
Vanessa Bruno,Fast Fashion,2020,Spring,30.201430247380184,5.958330548743353,1.9064800379250064,62.073841681847206,0.5015154808112062,0.25177605063269193,0.7250618427520474,0.8465938985550434,0.21743803953263868,26,-0.14676470262987795,-0.08293657623794863
