brand,tier,year,season,dispersion_mean,dispersion_std,lab_entropy_mean,mean_L,saturation_mean,saturation_std,value_mean,hue_conc_mean,hue_mean,n_images,ARI_raw,ARI,vix_annual_mean,gdp_growth_world,recession,ecb_rate,eu_gdp_growth,eu_recession,vix_z,gdp_z,ecb_z,eu_gdp_z,vix_z_lag1,gdp_z_lag1,recession_lag1,ecb_z_lag1,eu_gdp_z_lag1,eu_recession_lag1,cd_change
Isabel Marant,Fast Fashion,2009,Fall,28.44597187042236,5.756575734566458,2.183960542363738,35.012093766530356,0.1595842303872729,0.2017801025422806,0.3648860197044598,0.567725517258293,0.2211046654743452,30,0.5690413247769626,0.3215646430594828,31.48,-1.31864911944238,1,0.47,-4.31208831896211,0,1.9006609694272278,-1.939252283220413,0.13104604457876737,-1.9738151775755362,2.094361360203243,-0.29170997848009034,1.0,2.4351676590574134,-0.18053425907049464,0.0,0
Isabel Marant,Fast Fashion,2010,Fall,31.05490706761678,7.78795054050472,2.426665992510059,33.90761111577352,0.3143242303253462,0.2640474904798546,0.3907322941383657,0.7908831292306725,0.3262763771625623,30,1.584391265127601,0.8953378066821656,22.55,4.52424032554684,0,0.25,2.18180099957819,0,0.4711200689067164,0.8828773580013044,-0.0685235440768634,0.38829235941705603,1.9006609694272278,-1.939252283220413,1.0,0.13104604457876737,-1.9738151775755362,0.0,0
Isabel Marant,Fast Fashion,2010,Spring,29.453012466430664,5.779496338467598,2.4922765836328424,45.07369575500488,0.2700096786951646,0.2192192281390766,0.5101171333824284,0.5576188522073807,0.4052410201933778,30,0.6854177248633605,0.3873288220828569,22.55,4.52424032554684,0,0.25,2.18180099957819,0,0.4711200689067164,0.8828773580013044,-0.0685235440768634,0.38829235941705603,1.9006609694272278,-1.939252283220413,1.0,0.13104604457876737,-1.9738151775755362,0.0,0
Isabel Marant,Fast Fashion,2011,Fall,24.36820562954607,8.395418590939942,2.467457940229614,40.36774069687416,0.1943030517033525,0.1826219044091342,0.4275694459162267,0.4660128881821323,0.4341888454622942,29,0.3605675649403978,0.2037563446983946,24.2,3.33900335400304,0,0.5,1.96060087405085,1,0.7352569654194647,0.31040505285882874,0.15826007939544431,0.30783233645360886,0.4711200689067164,0.8828773580013044,0.0,-0.0685235440768634,0.38829235941705603,0.0,0
Isabel Marant,Fast Fashion,2011,Spring,29.179762840270996,6.872935258545903,2.3095470969181293,36.61407102857317,0.3606132793777755,0.2814821472575183,0.4196848817035955,0.7555153830774232,0.3815611246077044,28,1.5839492856809223,0.8950880445703076,24.2,3.33900335400304,0,0.5,1.96060087405085,1,0.7352569654194647,0.31040505285882874,0.15826007939544431,0.30783233645360886,0.4711200689067164,0.8828773580013044,0.0,-0.0685235440768634,0.38829235941705603,0.0,0
Isabel Marant,Fast Fashion,2012,Fall,28.68650697072347,8.720932746359,2.3577121253105613,37.038503646850586,0.301922651463033,0.2461836081457037,0.4186028840844519,0.6300259114576385,0.2685294613722323,30,1.261198739341995,0.7127020565730224,17.8,2.73120979279709,0,0.13,-0.764417073932009,1,-0.28927402711483224,0.016839302390280763,-0.1773796833435711,-0.6833741836503191,0.7352569654194647,0.31040505285882874,0.0,0.15826007939544431,0.30783233645360886,1.0,0
Isabel Marant,Fast Fashion,2012,Spring,29.96033624013265,6.320723036590143,2.497419776212476,50.47998797098795,0.3637370155374519,0.2340139412269018,0.5849477164550995,0.5927509680120069,0.3800324431840796,30,0.7353259482406518,0.4155319056503675,17.8,2.73120979279709,0,0.13,-0.764417073932009,1,-0.28927402711483224,0.016839302390280763,-0.1773796833435711,-0.6833741836503191,0.7352569654194647,0.31040505285882874,0.0,0.15826007939544431,0.30783233645360886,1.0,0
Isabel Marant,Fast Fashion,2013,Fall,15.023117526372271,6.580688921678523,2.09979573478241,30.239063707987462,0.1580942585781216,0.1444165774352444,0.3209286335531001,0.6716317771098975,0.4495852140352129,30,-0.4467560575975592,-0.2524613695715847,14.23,2.88814205849093,0,0.0,-0.0330405739034347,1,-0.8607702213878698,0.09263796379717743,-0.2953071675491711,-0.41734101641347954,-0.28927402711483224,0.016839302390280763,0.0,-0.1773796833435711,-0.6833741836503191,1.0,0
Isabel Marant,Fast Fashion,2013,Spring,35.61249193651923,4.604882926339962,2.791910447214214,49.657488855822336,0.3575001335511112,0.2995351118613599,0.5589614686324292,0.5359996718984695,0.4831375937655263,29,1.9025865099487824,1.0751495986715305,14.23,2.88814205849093,0,0.0,-0.0330405739034347,1,-0.8607702213878698,0.09263796379717743,-0.2953071675491711,-0.41734101641347954,-0.28927402711483224,0.016839302390280763,0.0,-0.1773796833435711,-0.6833741836503191,1.0,0
Isabel Marant,Fast Fashion,2014,Fall,18.47856806119283,8.11643602848375,2.0422374512996333,31.30819902420044,0.2478728424393882,0.1533609891797312,0.3342805291725012,0.8004120196785304,0.3076529598510824,30,-0.1922008638458446,-0.1086125022686848,14.18,3.13301748764181,0,-0.09,1.63272217207499,0,-0.8687743697670443,0.2109133844636149,-0.3769492719992019,0.18856871566085162,-0.8607702213878698,0.09263796379717743,0.0,-0.2953071675491711,-0.41734101641347954,1.0,0
Isabel Marant,Fast Fashion,2014,Spring,26.640460968017575,9.319743862336784,2.203966546265314,43.75568822224935,0.2403258478103826,0.1923749437613541,0.477591118261932,0.8455105396224977,0.4554868896608551,30,-0.1997036424014687,-0.112852314393295,14.18,3.13301748764181,0,-0.09,1.63272217207499,0,-0.8687743697670443,0.2109133844636149,-0.3769492719992019,0.18856871566085162,-0.8607702213878698,0.09263796379717743,0.0,-0.2953071675491711,-0.41734101641347954,1.0,0
Isabel Marant,Fast Fashion,2015,Fall,24.141098817189533,9.718692811330277,2.4320962787106337,33.47647627194723,0.1692012846862897,0.1978416407471648,0.359914254769807,0.6543942391637992,0.3633630059421838,30,0.5241246736608759,0.2961822916296759,16.67,3.11378907834427,0,-0.21,2.3719530456017,0,-0.4701677804841689,0.20162601657089038,-0.4858054112659096,0.4574588571897126,-0.8687743697670443,0.2109133844636149,0.0,-0.3769492719992019,0.18856871566085162,0.0,0
Isabel Marant,Fast Fashion,2015,Spring,21.918919595082603,6.172159229021214,2.135263425533732,36.77958472569784,0.2416466235599169,0.1857826520439254,0.4070047083480283,0.7853394230716012,0.3303488820156159,30,-0.0548355433759409,-0.0309875068204732,16.67,3.11378907834427,0,-0.21,2.3719530456017,0,-0.4701677804841689,0.20162601657089038,-0.4858054112659096,0.4574588571897126,-0.8687743697670443,0.2109133844636149,0.0,-0.3769492719992019,0.18856871566085162,0.0,0
Isabel Marant,Fast Fashion,2016,Fall,23.441798814137776,5.899377295943559,2.623209374002711,31.745898818969728,0.2890188577113672,0.1868159513706505,0.367013863518803,0.6435330892733919,0.4139439468723644,30,0.9829048735297382,0.5554384911181978,15.83,2.7935920724707,0,-0.38,1.91998029828646,0,-0.6046374732542956,0.046970093364745724,-0.6400182752270788,0.29305688164317606,-0.4701677804841689,0.20162601657089038,0.0,-0.4858054112659096,0.4574588571897126,0.0,0
Isabel Marant,Fast Fashion,2016,Pre-Fall,28.84504839579264,8.35671667469945,2.2410651077005004,41.7703556060791,0.3386902389236725,0.2537175572220508,0.473713210921331,0.6944711802993907,0.4717303129084408,30,0.9942081024209958,0.5618259336563325,15.83,2.7935920724707,0,-0.38,1.91998029828646,0,-0.6046374732542956,0.046970093364745724,-0.6400182752270788,0.29305688164317606,-0.4701677804841689,0.20162601657089038,0.0,-0.4858054112659096,0.4574588571897126,0.0,0
Isabel Marant,Fast Fashion,2016,Resort,24.52749152805494,5.229973395500121,1.8205458522844296,44.924623074738875,0.3258905171952817,0.1470307272145429,0.4998977120008076,0.8382751896644699,0.1981184471614719,23,-0.7799890951518978,-0.4407710021255793,15.83,2.7935920724707,0,-0.38,1.91998029828646,0,-0.6046374732542956,0.046970093364745724,-0.6400182752270788,0.29305688164317606,-0.4701677804841689,0.20162601657089038,0.0,-0.4858054112659096,0.4574588571897126,0.0,0
Isabel Marant,Fast Fashion,2016,Spring,27.05226885477702,7.196687221050838,2.5761097100938852,38.20142990748088,0.2046542450540388,0.1848544453324072,0.4063762161925435,0.5081120871908646,0.4012885228573034,30,0.6899588902692733,0.3898950297891229,15.83,2.7935920724707,0,-0.38,1.91998029828646,0,-0.6046374732542956,0.046970093364745724,-0.6400182752270788,0.29305688164317606,-0.4701677804841689,0.20162601657089038,0.0,-0.4858054112659096,0.4574588571897126,0.0,0
Isabel Marant,Fast Fashion,2017,Fall,25.456310431162517,7.093340744268003,2.2736497805572724,28.365007464090983,0.4115758014947176,0.210348410975399,0.3494933399812318,0.7498428439839595,0.6481637581144459,30,1.4031898690522018,0.7929410918676413,11.09,3.45183009055702,0,-0.4,2.81811045546294,0,-1.3634307396000096,0.36490063771442877,-0.6581609651048634,0.6197455437689686,-0.6046374732542956,0.046970093364745724,0.0,-0.6400182752270788,0.29305688164317606,0.0,0
Isabel Marant,Fast Fashion,2017,Pre-Fall,23.19420167674189,5.4548097824884545,2.005053890871195,31.164553434952445,0.5478415061607957,0.1935353008550241,0.390900274756162,0.8631082622796238,0.2848603154919717,23,1.0627878475536898,0.6005802741663977,11.09,3.45183009055702,0,-0.4,2.81811045546294,0,-1.3634307396000096,0.36490063771442877,-0.6581609651048634,0.6197455437689686,-0.6046374732542956,0.046970093364745724,0.0,-0.6400182752270788,0.29305688164317606,0.0,0
Isabel Marant,Fast Fashion,2017,Resort,24.00432898203532,5.931803012056507,1.252290469394591,38.45464572906494,0.1141182590291524,0.0893281262142997,0.3862515130646526,0.8749178338815824,0.1698366533339023,15,-1.956902720033744,-1.105843630805595,11.09,3.45183009055702,0,-0.4,2.81811045546294,0,-1.3634307396000096,0.36490063771442877,-0.6581609651048634,0.6197455437689686,-0.6046374732542956,0.046970093364745724,0.0,-0.6400182752270788,0.29305688164317606,0.0,0
Isabel Marant,Fast Fashion,2017,Spring,24.12854000727335,7.185694391220956,1.921872435623396,29.106559340159095,0.4639091520182167,0.2178635568575672,0.3516653663670333,0.8678184515445146,0.2220895035662843,30,1.1278514435326594,0.6373476425562845,11.09,3.45183009055702,0,-0.4,2.81811045546294,0,-1.3634307396000096,0.36490063771442877,-0.6581609651048634,0.6197455437689686,-0.6046374732542956,0.046970093364745724,0.0,-0.6400182752270788,0.29305688164317606,0.0,0
Isabel Marant,Fast Fashion,2018,Fall,23.959542338053385,6.789433813161243,2.121031753124816,38.13052527109782,0.2092200000759214,0.1678094411925331,0.4088776557206176,0.7333967972737155,0.2880572723376875,30,-0.2071514472727319,-0.1170610609477621,16.64,3.27395826417857,0,-0.4,2.0464201274383,0,-0.4749702695116736,0.2789881181832994,-0.6581609651048634,0.3390484991108342,-1.3634307396000096,0.36490063771442877,0.0,-0.6581609651048634,0.6197455437689686,0.0,0
Isabel Marant,Fast Fashion,2019,Fall,22.57377496258966,5.634909227897171,2.1555326174795564,44.38497365754226,0.2805808597177524,0.1971732690593609,0.4689820276925918,0.7467723900970095,0.2429281536321605,29,-0.1305971246750759,-0.0738002952548231,15.39,2.67911757479926,0,-0.43,1.87524696216212,0,-0.6750739789910285,-0.008321364069827282,-0.6853749999215404,0.2767854385632256,-0.4749702695116736,0.2789881181832994,0.0,-0.6581609651048634,0.3390484991108342,0.0,0
Isabel Marant,Fast Fashion,2019,Pre-Fall,24.819805092281765,4.062966956119209,1.2402347848192408,45.19803672366672,0.1385049270631538,0.0718227806893307,0.4635115646724588,0.8736258806201621,0.1748050409456611,18,-2.3959866833674632,-1.353969508127232,15.39,2.67911757479926,0,-0.43,1.87524696216212,0,-0.6750739789910285,-0.008321364069827282,-0.6853749999215404,0.2767854385632256,-0.4749702695116736,0.2789881181832994,0.0,-0.6581609651048634,0.3390484991108342,0.0,0
Isabel Marant,Fast Fashion,2019,Resort,22.795250058174133,4.718375658390698,1.5934824263110128,38.3471314907074,0.6246206952879826,0.1584446423997481,0.4762000093857447,0.9069402629199128,0.1403951505199074,24,0.1892327310033265,0.1069352135789195,15.39,2.67911757479926,0,-0.43,1.87524696216212,0,-0.6750739789910285,-0.008321364069827282,-0.6853749999215404,0.2767854385632256,-0.4749702695116736,0.2789881181832994,0.0,-0.6581609651048634,0.3390484991108342,0.0,0
Isabel Marant,Fast Fashion,2019,Spring,22.56283473968506,8.234493430614819,2.438714942420545,33.796267476575125,0.3253838590599981,0.1764725313731156,0.3799786422157917,0.6250831775617047,0.5070153635105936,29,0.7576697490617734,0.4281583635591184,15.39,2.67911757479926,0,-0.43,1.87524696216212,0,-0.6750739789910285,-0.008321364069827282,-0.6853749999215404,0.2767854385632256,-0.4749702695116736,0.2789881181832994,0.0,-0.6581609651048634,0.3390484991108342,0.0,0
Isabel Marant,Fast Fashion,2020,Fall,22.203438886006673,5.425853275793097,2.100672879951083,45.86295782725016,0.3147673269927501,0.1838990510186605,0.4935715082045954,0.7843382519083276,0.3544010817770846,30,-0.3430455218472028,-0.1938546569165018,29.25,-2.89922310337025,1,-0.5,-5.57888055659984,0,1.5436759517160588,-2.7026733152599762,-0.7488744144937866,-2.4346021336735815,-0.6750739789910285,-0.008321364069827282,0.0,-0.6853749999215404,0.2767854385632256,0.0,0
Isabel Marant,Fast Fashion,2020,Pre-Fall,21.066477576891582,6.573859954576914,1.9708049300817363,46.84282994270325,0.2733836012083726,0.1322789480495673,0.5088653729635989,0.6691838929098792,0.4530147492591447,24,-0.9867706094427244,-0.5576230143415487,29.25,-2.89922310337025,1,-0.5,-5.57888055659984,0,1.5436759517160588,-2.7026733152599762,-0.7488744144937866,-2.4346021336735815,-0.6750739789910285,-0.008321364069827282,0.0,-0.6853749999215404,0.2767854385632256,0.0,0
Isabel Marant,Fast Fashion,2020,Resort,20.8937348490176,4.58071351073691,2.276506713985957,44.835596996804945,0.1724057695662359,0.1695800208725617,0.4540637811486731,0.5687197113505319,0.2798712957539069,23,-0.4466120467882493,-0.2523799892175118,29.25,-2.89922310337025,1,-0.5,-5.57888055659984,0,1.5436759517160588,-2.7026733152599762,-0.7488744144937866,-2.4346021336735815,-0.6750739789910285,-0.008321364069827282,0.0,-0.6853749999215404,0.2767854385632256,0.0,0
Isabel Marant,Fast Fashion,2020,Spring,24.132107496261597,6.380105876256694,2.0977392477153254,51.3489784513201,0.2203848771484834,0.1764555666599628,0.544746790211681,0.7873177725637136,0.3209518945659843,28,-0.9231955141165747,-0.5216967960760496,29.25,-2.89922310337025,1,-0.5,-5.57888055659984,0,1.5436759517160588,-2.7026733152599762,-0.7488744144937866,-2.4346021336735815,-0.6750739789910285,-0.008321364069827282,0.0,-0.6853749999215404,0.2767854385632256,0.0,0
Isabel Marant,Fast Fashion,2021,Fall,28.70546531677246,5.960265471328372,2.4108188512172575,47.72266808871565,0.2678376028261885,0.1980935833224407,0.5279313119505693,0.646129345286659,0.3840421691683908,29,0.1784717751684985,0.1008542089640761,19.66,6.4133496154197,0,-0.5,6.37775013900983,0,0.008480292590447795,1.7953216841607813,-0.7488744144937866,1.9145399748163467,1.5436759517160588,-2.7026733152599762,1.0,-0.7488744144937866,-2.4346021336735815,0.0,0
Isabel Marant,Fast Fashion,2021,Resort,24.2005850315094,7.316602773136819,1.841599876196987,65.56711483001709,0.2808809523528907,0.1615273700755784,0.724714124923665,0.7856489673059277,0.3394175662220688,20,-1.9460641926123472,-1.099718790570278,19.66,6.4133496154197,0,-0.5,6.37775013900983,0,0.008480292590447795,1.7953216841607813,-0.7488744144937866,1.9145399748163467,1.5436759517160588,-2.7026733152599762,1.0,-0.7488744144937866,-2.4346021336735815,0.0,0
Isabel Marant,Fast Fashion,2021,Spring,27.019905471801756,5.688500174317463,1.9367094038997468,45.74060662587484,0.3351346627969604,0.1845856904674351,0.5439132200280204,0.7966277442079611,0.5839908605412657,30,-0.3330797981662205,-0.1882230371399231,19.66,6.4133496154197,0,-0.5,6.37775013900983,0,0.008480292590447795,1.7953216841607813,-0.7488744144937866,1.9145399748163467,1.5436759517160588,-2.7026733152599762,1.0,-0.7488744144937866,-2.4346021336735815,0.0,0
Isabel Marant,Fast Fashion,2022,Fall,24.060736179351807,8.118752181336012,1.9740191458565952,49.744105402628584,0.3520410614749106,0.1455883247295174,0.5710933471980194,0.6535880566735316,0.3976279281831191,30,-0.7208106027763294,-0.4073292994776973,25.64,3.40305483746891,0,0.08,3.56155233245134,0,0.9657764387396818,0.3413420732757172,-0.22273640803803263,0.8901674088193193,0.008480292590447795,1.7953216841607813,0.0,-0.7488744144937866,1.9145399748163467,0.0,0
Isabel Marant,Fast Fashion,2022,Pre-Fall,20.3723744062277,8.261935996295017,2.097447867623356,41.860910158890945,0.1937784321212496,0.1244714011416521,0.4530781387182382,0.6893377066580209,0.5263793691360534,26,-0.9677964337665694,-0.5469007279925877,25.64,3.40305483746891,0,0.08,3.56155233245134,0,0.9657764387396818,0.3413420732757172,-0.22273640803803263,0.8901674088193193,0.008480292590447795,1.7953216841607813,0.0,-0.7488744144937866,1.9145399748163467,0.0,0
Isabel Marant,Fast Fashion,2022,Resort,27.89464505513509,7.575062940378675,2.629348886833648,61.304660978771395,0.2897327624181551,0.2146539698681526,0.6641931027337643,0.5246303962067991,0.3562066566791119,21,-0.0948863702882394,-0.0536201862051177,25.64,3.40305483746891,0,0.08,3.56155233245134,0,0.9657764387396818,0.3413420732757172,-0.22273640803803263,0.8901674088193193,0.008480292590447795,1.7953216841607813,0.0,-0.7488744144937866,1.9145399748163467,0.0,0
Isabel Marant,Fast Fashion,2022,Spring,29.93432919184367,6.887544459981902,2.6077573354326407,45.59578641255697,0.3402843118392551,0.232082513055078,0.5291696790861586,0.6131177063428127,0.4891614945588982,30,0.997915737290782,0.5639211141495329,25.64,3.40305483746891,0,0.08,3.56155233245134,0,0.9657764387396818,0.3413420732757172,-0.22273640803803263,0.8901674088193193,0.008480292590447795,1.7953216841607813,0.0,-0.7488744144937866,1.9145399748163467,0.0,0
Isabel Marant,Fast Fashion,2023,Fall,26.34108983902704,7.975135860757933,2.2473466322719355,45.46709460303897,0.3015363947519411,0.1858393199199443,0.5129736813951196,0.7429286202894559,0.4213264620101212,21,-0.0592356368622166,-0.0334739949360721,16.85,2.94859475004874,0,3.31,0.454322708045197,0,-0.44135284631914184,0.12183675907529753,2.707308007224183,-0.24006597751536088,0.9657764387396818,0.3413420732757172,0.0,-0.22273640803803263,0.8901674088193193,0.0,0
Isabel Marant,Fast Fashion,2023,Pre-Fall,27.669584187594328,8.141558962486577,2.2329696864229684,39.74730482968417,0.2661690253197554,0.1926216149585616,0.4491668533709493,0.6108911930413103,0.5020109180061211,22,0.4246942910903761,0.2399942889515179,16.85,2.94859475004874,0,3.31,0.454322708045197,0,-0.44135284631914184,0.12183675907529753,2.707308007224183,-0.24006597751536088,0.9657764387396818,0.3413420732757172,0.0,-0.22273640803803263,0.8901674088193193,0.0,0
Isabel Marant,Fast Fashion,2023,Resort,24.517581276271653,5.450142914773496,2.1452702160145343,65.63161526555601,0.2417142297425914,0.1499198829271279,0.7174124568616567,0.753024376662309,0.4646332590406274,23,-1.8553118073804469,-1.0484347148920643,16.85,2.94859475004874,0,3.31,0.454322708045197,0,-0.44135284631914184,0.12183675907529753,2.707308007224183,-0.24006597751536088,0.9657764387396818,0.3413420732757172,0.0,-0.22273640803803263,0.8901674088193193,0.0,0
Isabel Marant,Fast Fashion,2023,Spring,24.44300496989283,6.745241968555605,2.0795669853608754,51.93621513761323,0.2637683943235476,0.1932774928478594,0.5579534995306347,0.8137210257980257,0.2611478412917268,29,-0.7301826457590934,-0.4126254309276793,16.85,2.94859475004874,0,3.31,0.454322708045197,0,-0.44135284631914184,0.12183675907529753,2.707308007224183,-0.24006597751536088,0.9657764387396818,0.3413420732757172,0.0,-0.22273640803803263,0.8901674088193193,0.0,0
Lacoste,Fast Fashion,2006,Fall,32.59302609761556,7.526688272342694,2.2417216801599773,38.79666964213053,0.5240883098724608,0.2573764735165811,0.4707725571200251,0.6938222721540908,0.4235064353578491,30,1.8860684893840551,1.06581528294494,12.81,4.47616958858073,0,1.76,3.56754077134353,0,-1.088088035356417,0.85965907654233,1.3012495416958751,0.8923456622431459,-1.088088035356417,0.6560091804195404,0.0,0.6299700162178443,0.3161904801841202,0.0,0
Lacoste,Fast Fashion,2006,Spring,29.92004305521647,7.60336986918411,2.3394203679929215,59.64616349538167,0.4093076130884389,0.2455375099867559,0.6725712470069838,0.5485774645773742,0.4350612006931177,30,0.4010095754873199,0.2266100815359188,12.81,4.47616958858073,0,1.76,3.56754077134353,0,-1.088088035356417,0.85965907654233,1.3012495416958751,0.8923456622431459,-1.088088035356417,0.6560091804195404,0.0,0.6299700162178443,0.3161904801841202,0.0,0
Lacoste,Fast Fashion,2007,Fall,25.088583617374816,6.643174290029476,2.336261734317344,47.20657874797953,0.2850436847522726,0.1984903101748106,0.5084073163945677,0.5743099955154488,0.3629761804277639,29,0.1675009351543983,0.0946545990243594,17.54,4.41384473328112,0,2.84,3.14183566763455,0,-0.3308955986865383,0.8295560216784862,2.2809547950962443,0.7374983612372172,-1.088088035356417,0.85965907654233,0.0,1.3012495416958751,0.8923456622431459,0.0,0
Lacoste,Fast Fashion,2007,Spring,30.411421512735306,9.17595047879777,2.4517475038817045,63.14914367938864,0.3056039225346376,0.2289231791781197,0.6876879094134823,0.4665734747784389,0.4598664572924889,29,-0.0019773595210075,-0.001117403747122,17.54,4.41384473328112,0,2.84,3.14183566763455,0,-0.3308955986865383,0.8295560216784862,2.2809547950962443,0.7374983612372172,-1.088088035356417,0.85965907654233,0.0,1.3012495416958751,0.8923456622431459,0.0,0
Lacoste,Fast Fashion,2008,Fall,23.57460331094676,8.010727500248073,1.9676349039581833,41.118317242326405,0.3081977022359918,0.1866860772797427,0.4448335533393868,0.873753076413717,0.1736272182703692,29,-0.2220735080481032,-0.1254935015070219,32.69,2.09239458384161,1,3.01,0.617986886948614,0,2.094361360203243,-0.29170997848009034,2.4351676590574134,-0.18053425907049464,-0.3308955986865383,0.8295560216784862,0.0,2.2809547950962443,0.7374983612372172,0.0,0
Lacoste,Fast Fashion,2008,Spring,22.437048403422036,6.299648752910976,1.7159947354374396,69.15056953430175,0.2532815847614779,0.1643643839159704,0.717824587435027,0.8609851548447025,0.186298986836026,30,-2.3630992939962474,-1.3353848796233914,32.69,2.09239458384161,1,3.01,0.617986886948614,0,2.094361360203243,-0.29170997848009034,2.4351676590574134,-0.18053425907049464,-0.3308955986865383,0.8295560216784862,0.0,2.2809547950962443,0.7374983612372172,0.0,0
Lacoste,Fast Fashion,2009,Fall,22.676844437917072,5.5387832745218954,2.0070339442289926,53.75162134170533,0.29335906178914,0.1909091667862607,0.5662413205447296,0.7665334081686042,0.2979784251002284,30,-0.8099954467564691,-0.4577275592737324,31.48,-1.31864911944238,1,0.47,-4.31208831896211,0,1.9006609694272278,-1.939252283220413,0.13104604457876737,-1.9738151775755362,2.094361360203243,-0.29170997848009034,1.0,2.4351676590574134,-0.18053425907049464,0.0,0
Lacoste,Fast Fashion,2009,Spring,26.553325784617456,10.061357698990728,2.356308351019869,60.33492594751819,0.2018858499103065,0.1937570257563061,0.6400194837975733,0.7074189839951124,0.3722389250452397,29,-0.9488543234634476,-0.5361965617515785,31.48,-1.31864911944238,1,0.47,-4.31208831896211,0,1.9006609694272278,-1.939252283220413,0.13104604457876737,-1.9738151775755362,2.094361360203243,-0.29170997848009034,1.0,2.4351676590574134,-0.18053425907049464,0.0,0
Lacoste,Fast Fashion,2010,Fall,28.124091625213623,9.512300461781392,2.0808489908171297,33.51039072672526,0.4938854608981559,0.227326202674054,0.4164567401668367,0.6999743965694993,0.3040251910493088,30,1.5046700541045543,0.8502874357324922,22.55,4.52424032554684,0,0.25,2.18180099957819,0,0.4711200689067164,0.8828773580013044,-0.0685235440768634,0.38829235941705603,1.9006609694272278,-1.939252283220413,1.0,0.13104604457876737,-1.9738151775755362,0.0,0
Lacoste,Fast Fashion,2010,Spring,29.045630900065103,6.5466841080174785,1.9687678382372804,69.29598776499431,0.3539804463184127,0.2110840521261702,0.7363322976220399,0.7103102479742464,0.3041305452132598,30,-1.0328830600789791,-0.5836811107992307,22.55,4.52424032554684,0,0.25,2.18180099957819,0,0.4711200689067164,0.8828773580013044,-0.0685235440768634,0.38829235941705603,1.9006609694272278,-1.939252283220413,1.0,0.13104604457876737,-1.9738151775755362,0.0,0
Lacoste,Fast Fashion,2011,Spring,24.239522139231365,8.791587665836875,1.8362635371828977,67.99197642008464,0.2281764441460681,0.1744784796194111,0.7383597542338693,0.7256127026356283,0.4772925076747313,30,-2.047980197275339,-1.15731141563024,24.2,3.33900335400304,0,0.5,1.96060087405085,1,0.7352569654194647,0.31040505285882874,0.15826007939544431,0.30783233645360886,0.4711200689067164,0.8828773580013044,0.0,-0.0685235440768634,0.38829235941705603,0.0,0
Lacoste,Fast Fashion,2012,Fall,18.513041150980985,8.106203408253432,1.8410075286404817,30.710979198587353,0.2761523897639829,0.1485395306674146,0.3529190069791893,0.6748795645933553,0.4807691101266456,29,-0.1842646700174306,-0.1041277676377069,17.8,2.73120979279709,0,0.13,-0.764417073932009,1,-0.28927402711483224,0.016839302390280763,-0.1773796833435711,-0.6833741836503191,0.7352569654194647,0.31040505285882874,0.0,0.15826007939544431,0.30783233645360886,1.0,0
Lacoste,Fast Fashion,2012,Pre-Fall,28.17838770767738,9.422497533379664,2.319385716172934,26.396964204722437,0.2969419114982773,0.200707032920292,0.2993525413779926,0.4155018545946939,0.425804168094917,29,1.703347005686485,0.9625595682434844,17.8,2.73120979279709,0,0.13,-0.764417073932009,1,-0.28927402711483224,0.016839302390280763,-0.1773796833435711,-0.6833741836503191,0.7352569654194647,0.31040505285882874,0.0,0.15826007939544431,0.30783233645360886,1.0,0
Lacoste,Fast Fashion,2012,Spring,23.11885331471761,7.41832912009436,1.8233805818485465,52.80265026092529,0.267006139170782,0.1421085809838772,0.5885568690455829,0.6944370561144438,0.3864439489362761,30,-1.3689080175960835,-0.7735684543334065,17.8,2.73120979279709,0,0.13,-0.764417073932009,1,-0.28927402711483224,0.016839302390280763,-0.1773796833435711,-0.6833741836503191,0.7352569654194647,0.31040505285882874,0.0,0.15826007939544431,0.30783233645360886,1.0,0
Lacoste,Fast Fashion,2013,Fall,18.20004838088463,6.740180421324388,1.8786226805360684,41.914062795967894,0.2681603919880079,0.1682565272241429,0.4655829708356859,0.7223978429089477,0.3323587309053681,29,-0.7168330658679398,-0.4050815976316082,14.23,2.88814205849093,0,0.0,-0.0330405739034347,1,-0.8607702213878698,0.09263796379717743,-0.2953071675491711,-0.41734101641347954,-0.28927402711483224,0.016839302390280763,0.0,-0.1773796833435711,-0.6833741836503191,1.0,0
Lacoste,Fast Fashion,2013,Pre-Fall,27.978287560599192,10.5780248511644,1.8574211365879727,32.49196906316848,0.5447562698688624,0.2534155587051951,0.4329210226465282,0.7386389772892923,0.6133655948056729,21,1.636097671144331,0.9245570413329626,14.23,2.88814205849093,0,0.0,-0.0330405739034347,1,-0.8607702213878698,0.09263796379717743,-0.2953071675491711,-0.41734101641347954,-0.28927402711483224,0.016839302390280763,0.0,-0.1773796833435711,-0.6833741836503191,1.0,0
Lacoste,Fast Fashion,2013,Spring,22.973568439483643,7.742550325704429,2.344918003663312,50.72854671478272,0.3206187571215133,0.2266113413189493,0.5641660254153733,0.5898376553340959,0.4970825927787615,30,0.1515782243820837,0.0856566922237495,14.23,2.88814205849093,0,0.0,-0.0330405739034347,1,-0.8607702213878698,0.09263796379717743,-0.2953071675491711,-0.41734101641347954,-0.28927402711483224,0.016839302390280763,0.0,-0.1773796833435711,-0.6833741836503191,1.0,0
Lacoste,Fast Fashion,2014,Fall,18.156631565093996,7.215462268366533,1.7579461610969884,27.52894965807597,0.3558444838646178,0.1577402311102066,0.325555038495548,0.8125664015337843,0.4655726749803716,30,0.0687062648020397,0.0388258366396814,14.18,3.13301748764181,0,-0.09,1.63272217207499,0,-0.8687743697670443,0.2109133844636149,-0.3769492719992019,0.18856871566085162,-0.8607702213878698,0.09263796379717743,0.0,-0.2953071675491711,-0.41734101641347954,1.0,0
Lacoste,Fast Fashion,2014,Spring,20.514091623240503,5.767779915782554,1.8391471174051444,50.75806394116632,0.3587559711861199,0.1776855377986524,0.5396987236212489,0.7786265802069482,0.333204373824121,29,-0.7946572397858193,-0.4490599549453074,14.18,3.13301748764181,0,-0.09,1.63272217207499,0,-0.8687743697670443,0.2109133844636149,-0.3769492719992019,0.18856871566085162,-0.8607702213878698,0.09263796379717743,0.0,-0.2953071675491711,-0.41734101641347954,1.0,0
Lacoste,Fast Fashion,2015,Fall,26.555194664001466,6.951170908796807,1.8484645891917575,39.47364819844564,0.4184337177070168,0.2418759010171634,0.461713212228318,0.7093546777619752,0.4610357709372649,30,0.8201108845421623,0.4634437823305056,16.67,3.11378907834427,0,-0.21,2.3719530456017,0,-0.4701677804841689,0.20162601657089038,-0.4858054112659096,0.4574588571897126,-0.8687743697670443,0.2109133844636149,0.0,-0.3769492719992019,0.18856871566085162,0.0,0
Lacoste,Fast Fashion,2015,Spring,30.85102377266719,11.2461709440525,2.0629851241833497,51.53067010024498,0.3834518397805955,0.2276477487690182,0.5842975071357435,0.652062200437657,0.4606541421430201,29,0.3446700000401533,0.1947726478031546,16.67,3.11378907834427,0,-0.21,2.3719530456017,0,-0.4701677804841689,0.20162601657089038,-0.4858054112659096,0.4574588571897126,-0.8687743697670443,0.2109133844636149,0.0,-0.3769492719992019,0.18856871566085162,0.0,0
Lacoste,Fast Fashion,2016,Fall,24.814695898691813,8.370385283020365,1.850295004051656,27.357972145080566,0.5107280281107252,0.214468539046182,0.3468860234702005,0.6950111731083543,0.4890868379390294,30,1.4926708131996616,0.8435066775510386,15.83,2.7935920724707,0,-0.38,1.91998029828646,0,-0.6046374732542956,0.046970093364745724,-0.6400182752270788,0.29305688164317606,-0.4701677804841689,0.20162601657089038,0.0,-0.4858054112659096,0.4574588571897126,0.0,0
Lacoste,Fast Fashion,2016,Spring,31.389821710257696,8.931501341498658,2.165006322775223,53.51165896448596,0.3835838149532932,0.2426090613635021,0.6175597141352964,0.6046945670465976,0.4007129677450083,29,0.4810945652296395,0.271866023450164,15.83,2.7935920724707,0,-0.38,1.91998029828646,0,-0.6046374732542956,0.046970093364745724,-0.6400182752270788,0.29305688164317606,-0.4701677804841689,0.20162601657089038,0.0,-0.4858054112659096,0.4574588571897126,0.0,0
Lacoste,Fast Fashion,2017,Fall,18.458900006612144,6.490135976961023,1.8321338031643093,27.398291238149007,0.3227485842542723,0.1307322602894744,0.3301014465087714,0.6442173984749721,0.4766901673920142,30,0.0039673006298046,0.0022419173360262,11.09,3.45183009055702,0,-0.4,2.81811045546294,0,-1.3634307396000096,0.36490063771442877,-0.6581609651048634,0.6197455437689686,-0.6046374732542956,0.046970093364745724,0.0,-0.6400182752270788,0.29305688164317606,0.0,0
Lacoste,Fast Fashion,2017,Spring,30.08172314255326,6.421108819234313,1.920712029174125,47.74859838132505,0.4018669253628769,0.2256736936967157,0.55827045095129,0.6576374244358083,0.5668904291376282,27,0.4124034390823534,0.233048741648067,11.09,3.45183009055702,0,-0.4,2.81811045546294,0,-1.3634307396000096,0.36490063771442877,-0.6581609651048634,0.6197455437689686,-0.6046374732542956,0.046970093364745724,0.0,-0.6400182752270788,0.29305688164317606,0.0,0
Lacoste,Fast Fashion,2018,Fall,24.977941184208312,7.055515039165591,2.451042939122065,37.60308357764934,0.3115947245870684,0.1649667991648558,0.4200121790112221,0.6098470322443281,0.4845478274555202,29,0.538392558025968,0.3042450578002579,16.64,3.27395826417857,0,-0.4,2.0464201274383,0,-0.4749702695116736,0.2789881181832994,-0.6581609651048634,0.3390484991108342,-1.3634307396000096,0.36490063771442877,0.0,-0.6581609651048634,0.6197455437689686,0.0,0
Lacoste,Fast Fashion,2019,Fall,27.54179553985596,9.433445940451112,2.0898877522475585,56.344587262471514,0.3932541180993741,0.2282018268005137,0.6307487771214296,0.7174207113450116,0.5628190445036317,30,-0.0893555957603264,-0.0504947514441047,15.39,2.67911757479926,0,-0.43,1.87524696216212,0,-0.6750739789910285,-0.008321364069827282,-0.6853749999215404,0.2767854385632256,-0.4749702695116736,0.2789881181832994,0.0,-0.6581609651048634,0.3390484991108342,0.0,0
Lacoste,Fast Fashion,2019,Spring,25.435377407073975,7.586537373481908,2.166627179507351,44.583209133148195,0.2427259506336413,0.1658834799927702,0.48270040972298,0.7505741049101469,0.6619847546988167,20,-0.4179388622059062,-0.2361768033254964,15.39,2.67911757479926,0,-0.43,1.87524696216212,0,-0.6750739789910285,-0.008321364069827282,-0.6853749999215404,0.2767854385632256,-0.4749702695116736,0.2789881181832994,0.0,-0.6581609651048634,0.3390484991108342,0.0,0
Lacoste,Fast Fashion,2020,Fall,32.00886758168539,8.873502239279565,2.1445089284536265,49.41071294148763,0.5427732174122084,0.2462319056862537,0.5806821064525284,0.6489481573050532,0.3531715491629127,30,1.2016774838432762,0.679066658851425,29.25,-2.89922310337025,1,-0.5,-5.57888055659984,0,1.5436759517160588,-2.7026733152599762,-0.7488744144937866,-2.4346021336735815,-0.6750739789910285,-0.008321364069827282,0.0,-0.6853749999215404,0.2767854385632256,0.0,0
Lacoste,Fast Fashion,2020,Spring,26.680596417394177,7.60633961470807,1.9628129731874828,55.06999614320952,0.3209960958226422,0.2061611896279614,0.5904792534985804,0.6881826565779245,0.4217569070870441,29,-0.4610298206853928,-0.2605274578020904,29.25,-2.89922310337025,1,-0.5,-5.57888055659984,0,1.5436759517160588,-2.7026733152599762,-0.7488744144937866,-2.4346021336735815,-0.6750739789910285,-0.008321364069827282,0.0,-0.6853749999215404,0.2767854385632256,0.0,0
Lacoste,Fast Fashion,2021,Fall,29.241217383022967,5.93217593279216,2.463622769634582,43.108733275841026,0.4407356825795281,0.2566515505390315,0.5067708043968626,0.6310610561837126,0.5329776034985091,29,1.488151464371678,0.84095279836959,19.66,6.4133496154197,0,-0.5,6.37775013900983,0,0.008480292590447795,1.7953216841607813,-0.7488744144937866,1.9145399748163467,1.5436759517160588,-2.7026733152599762,1.0,-0.7488744144937866,-2.4346021336735815,0.0,0
Lacoste,Fast Fashion,2021,Spring,29.221415655953543,5.768446524892976,2.046893496409841,50.015880652836394,0.4439567201684362,0.2459139966836168,0.5593986111299267,0.7113711154284731,0.2357883414790017,28,0.6439471952666102,0.3638938702320513,19.66,6.4133496154197,0,-0.5,6.37775013900983,0,0.008480292590447795,1.7953216841607813,-0.7488744144937866,1.9145399748163467,1.5436759517160588,-2.7026733152599762,1.0,-0.7488744144937866,-2.4346021336735815,0.0,0
Lacoste,Fast Fashion,2022,Spring,28.176792081197103,5.852039926534639,2.1621306146367383,52.99950612386068,0.3631397500701558,0.1903880794826773,0.5954217128075038,0.713994998857054,0.4017850499954074,30,-0.2135792405510924,-0.120693400043743,25.64,3.40305483746891,0,0.08,3.56155233245134,0,0.9657764387396818,0.3413420732757172,-0.22273640803803263,0.8901674088193193,0.008480292590447795,1.7953216841607813,0.0,-0.7488744144937866,1.9145399748163467,0.0,0
Tommy Hilfiger,Fast Fashion,2000,Fall,23.04793259302775,6.70506849160232,2.2573171647965604,33.191470336914065,0.3011700171665909,0.2135656255618684,0.3750577921965469,0.7725864099951062,0.6187113481657269,30,0.717034179637338,0.4051952468072567,23.32,4.55506182477734,0,3.02,3.93357955857741,0,0.594383953945999,0.8977642161875192,2.444239003996306,1.025489751362165,,,,,,,0
Tommy Hilfiger,Fast Fashion,2000,Spring,29.889089171091715,8.319338679379479,2.203280360646661,40.67963498433431,0.4111872985397465,0.2177364938864645,0.5171145189682643,0.6409185576174768,0.5933505348177432,30,0.9261591593785468,0.5233715488388555,23.32,4.55506182477734,0,3.02,3.93357955857741,0,0.594383953945999,0.8977642161875192,2.444239003996306,1.025489751362165,,,,,,,0
Tommy Hilfiger,Fast Fashion,2003,Fall,22.90898663422157,7.806839578119602,2.060910682995595,35.48471299533186,0.1590782638079775,0.1944088541290816,0.3636949349122828,0.55182348049618,0.3989763285915752,29,0.1672586083751852,0.0945176604210129,21.98,3.09383471039327,0,1.26,0.936970953534527,0,0.37987277738413056,0.19198800890421192,0.8476822947512597,-0.06450600067195171,,,,,,,0
Tommy Hilfiger,Fast Fashion,2003,Spring,21.80850693384806,5.085829642802063,1.9157364365720424,39.97678155899048,0.3549409704118966,0.1928727987156436,0.4375513783864056,0.772888554271793,0.2328917152001755,30,0.0298597487743486,0.016873712045839,21.98,3.09383471039327,0,1.26,0.936970953534527,0,0.37987277738413056,0.19198800890421192,0.8476822947512597,-0.06450600067195171,,,,,,,0
Tommy Hilfiger,Fast Fashion,2004,Spring,33.142251841227214,6.997524206673914,2.150960492617247,61.12962951660156,0.3983066790509347,0.2458901888017703,0.7014373958580506,0.6490242174324227,0.4139237533926188,30,0.1246860127205341,0.0704599322214496,15.48,4.50184539653775,0,1.0,2.59990864973688,0,-0.660666511908515,0.8720605534793892,0.6118273263400597,0.5403761389934071,0.37987277738413056,0.19198800890421192,0.0,0.8476822947512597,-0.06450600067195171,0.0,0
Tommy Hilfiger,Fast Fashion,2005,Spring,31.891119066874182,5.951206236916293,2.67375906600802,62.11571871439616,0.3147157560077495,0.2265871409995487,0.6753160906397737,0.4564367964364694,0.3970635506317174,30,0.3268016358649944,0.1846752543488322,12.81,4.05453629039749,0,1.02,1.98357902362464,0,-1.088088035356417,0.6560091804195404,0.6299700162178443,0.3161904801841202,-0.660666511908515,0.8720605534793892,0.0,0.6118273263400597,0.5403761389934071,0.0,0
Tommy Hilfiger,Fast Fashion,2006,Spring,33.52959225095552,6.63498872317485,2.438468765310428,55.588855480325634,0.3782631458523522,0.2671825529607954,0.6200538313555177,0.5461160171086858,0.3584614312298764,29,0.9823162062140244,0.5551058358486838,12.81,4.47616958858073,0,1.76,3.56754077134353,0,-1.088088035356417,0.85965907654233,1.3012495416958751,0.8923456622431459,-1.088088035356417,0.6560091804195404,0.0,0.6299700162178443,0.3161904801841202,0.0,0
Tommy Hilfiger,Fast Fashion,2007,Fall,23.65089944203695,5.161620600567754,2.5566889799307257,25.156329917907716,0.3267257590318719,0.2608625304837325,0.2682692866267015,0.6440267728853976,0.2830397390894436,30,2.1245395630020876,1.2005750311900267,17.54,4.41384473328112,0,2.84,3.14183566763455,0,-0.3308955986865383,0.8295560216784862,2.2809547950962443,0.7374983612372172,-1.088088035356417,0.85965907654233,0.0,1.3012495416958751,0.8923456622431459,0.0,0
Tommy Hilfiger,Fast Fashion,2008,Fall,19.436246554056805,4.391649340887143,1.9269804439697953,28.135713386535645,0.4102151210382891,0.2148812766437185,0.3319126859700617,0.7856941342348535,0.2554233689768239,30,0.9005007667490448,0.5088720186498664,32.69,2.09239458384161,1,3.01,0.617986886948614,0,2.094361360203243,-0.29170997848009034,2.4351676590574134,-0.18053425907049464,-0.3308955986865383,0.8295560216784862,0.0,2.2809547950962443,0.7374983612372172,0.0,0
Tommy Hilfiger,Fast Fashion,2008,Spring,23.504422253575814,8.138072737100474,1.8751399221827831,49.46275280261862,0.3190511777968434,0.2009710527516948,0.531290074384964,0.6665342440099805,0.3700475114698136,29,-0.3759308625163672,-0.212438127701008,32.69,2.09239458384161,1,3.01,0.617986886948614,0,2.094361360203243,-0.29170997848009034,2.4351676590574134,-0.18053425907049464,-0.3308955986865383,0.8295560216784862,0.0,2.2809547950962443,0.7374983612372172,0.0,0
Tommy Hilfiger,Fast Fashion,2009,Fall,25.09549922943115,7.828157771243305,2.033925231081747,38.47911736170451,0.3252718244014307,0.2107971759397795,0.4395942603910342,0.8241720956021191,0.2927430633028348,30,0.299449234496401,0.1692184416360492,31.48,-1.31864911944238,1,0.47,-4.31208831896211,0,1.9006609694272278,-1.939252283220413,0.13104604457876737,-1.9738151775755362,2.094361360203243,-0.29170997848009034,1.0,2.4351676590574134,-0.18053425907049464,0.0,0
Tommy Hilfiger,Fast Fashion,2009,Spring,25.781911087036132,8.787493679158091,1.9157123266740976,52.22040424346924,0.2627742814732715,0.1713166011697387,0.5771955643509824,0.6547762281050797,0.3533927744117875,30,-0.8551558337109493,-0.4832476455647192,31.48,-1.31864911944238,1,0.47,-4.31208831896211,0,1.9006609694272278,-1.939252283220413,0.13104604457876737,-1.9738151775755362,2.094361360203243,-0.29170997848009034,1.0,2.4351676590574134,-0.18053425907049464,0.0,0
Tommy Hilfiger,Fast Fashion,2010,Fall,27.695824114481606,6.271179964191394,2.0755657688279543,35.522848002115886,0.3494987911822895,0.2121794304623643,0.4176305967732643,0.6416049889389142,0.4930585081527552,30,0.9000154164463647,0.508597747713742,22.55,4.52424032554684,0,0.25,2.18180099957819,0,0.4711200689067164,0.8828773580013044,-0.0685235440768634,0.38829235941705603,1.9006609694272278,-1.939252283220413,1.0,0.13104604457876737,-1.9738151775755362,0.0,0
Tommy Hilfiger,Fast Fashion,2010,Spring,28.174594370524087,7.440086928654465,1.911627156815044,53.91144663492839,0.309039338620721,0.2349339773015798,0.6009856261796007,0.7237512862775387,0.4371681958011545,30,-0.275504490411016,-0.1556872924036355,22.55,4.52424032554684,0,0.25,2.18180099957819,0,0.4711200689067164,0.8828773580013044,-0.0685235440768634,0.38829235941705603,1.9006609694272278,-1.939252283220413,1.0,0.13104604457876737,-1.9738151775755362,0.0,0
Tommy Hilfiger,Fast Fashion,2011,Fall,17.769351959228516,5.929493091246571,2.3696074632655386,21.55614293416341,0.3465715044244813,0.2238838523093027,0.2514909860486785,0.6048706620610143,0.5055963807387277,30,1.665733461852793,0.9413041949156788,24.2,3.33900335400304,0,0.5,1.96060087405085,1,0.7352569654194647,0.31040505285882874,0.15826007939544431,0.30783233645360886,0.4711200689067164,0.8828773580013044,0.0,-0.0685235440768634,0.38829235941705603,0.0,0
Tommy Hilfiger,Fast Fashion,2011,Spring,35.54576518617827,7.845107356150884,2.174336491942082,57.29006944853684,0.3743546872322029,0.2544031632071409,0.678289394833854,0.7441716394691664,0.5451541948364325,29,0.3043209544152558,0.17197144534348,24.2,3.33900335400304,0,0.5,1.96060087405085,1,0.7352569654194647,0.31040505285882874,0.15826007939544431,0.30783233645360886,0.4711200689067164,0.8828773580013044,0.0,-0.0685235440768634,0.38829235941705603,0.0,0
Tommy Hilfiger,Fast Fashion,2012,Fall,22.620865694681804,5.704682749004781,2.227881692920373,26.270743370056152,0.350629326799605,0.2384804941066723,0.3024554317760902,0.6773382024984571,0.3658235462418602,30,1.5461778728108422,0.8737434596191523,17.8,2.73120979279709,0,0.13,-0.764417073932009,1,-0.28927402711483224,0.016839302390280763,-0.1773796833435711,-0.6833741836503191,0.7352569654194647,0.31040505285882874,0.0,0.15826007939544431,0.30783233645360886,1.0,0
Tommy Hilfiger,Fast Fashion,2012,Spring,28.461538314819336,7.201237049588078,2.091901840396693,40.10130386352539,0.4549681987596675,0.1968973237186971,0.5050055017589902,0.6774153642590137,0.5826421914150163,30,0.7506280193935115,0.4241790896668689,17.8,2.73120979279709,0,0.13,-0.764417073932009,1,-0.28927402711483224,0.016839302390280763,-0.1773796833435711,-0.6833741836503191,0.7352569654194647,0.31040505285882874,0.0,0.15826007939544431,0.30783233645360886,1.0,0
Tommy Hilfiger,Fast Fashion,2013,Fall,25.902059014638265,8.662070151517277,2.5108410793391815,36.51684185663859,0.2379990405158139,0.1975529204996203,0.3923485035091018,0.5792767922672297,0.4599999721412779,30,0.7996197827913653,0.4518642826817353,14.23,2.88814205849093,0,0.0,-0.0330405739034347,1,-0.8607702213878698,0.09263796379717743,-0.2953071675491711,-0.41734101641347954,-0.28927402711483224,0.016839302390280763,0.0,-0.1773796833435711,-0.6833741836503191,1.0,0
Tommy Hilfiger,Fast Fashion,2013,Spring,30.34157419204712,8.109985495932902,2.540919549215219,60.20215670267741,0.2593910711661291,0.222832636045012,0.6541437948066741,0.6185561254287336,0.3991355226138141,30,-0.1374044109321643,-0.0776470854265604,14.23,2.88814205849093,0,0.0,-0.0330405739034347,1,-0.8607702213878698,0.09263796379717743,-0.2953071675491711,-0.41734101641347954,-0.28927402711483224,0.016839302390280763,0.0,-0.1773796833435711,-0.6833741836503191,1.0,0
Tommy Hilfiger,Fast Fashion,2014,Fall,29.035253047943115,6.347467306752971,2.436209186669258,34.31346476872762,0.4859154483341301,0.2455534206019076,0.4263419708048614,0.5989563937578315,0.4728945429277606,30,2.020620224590292,1.1418503243746396,14.18,3.13301748764181,0,-0.09,1.63272217207499,0,-0.8687743697670443,0.2109133844636149,-0.3769492719992019,0.18856871566085162,-0.8607702213878698,0.09263796379717743,0.0,-0.2953071675491711,-0.41734101641347954,1.0,0
Tommy Hilfiger,Fast Fashion,2014,Spring,33.892208925882976,5.225174023368714,2.3632263549578303,46.42486038208008,0.5578261967012037,0.2804890142144915,0.5694120390240103,0.6139673528597612,0.4529583332269452,30,1.9460762952376591,1.0997256297508773,14.18,3.13301748764181,0,-0.09,1.63272217207499,0,-0.8687743697670443,0.2109133844636149,-0.3769492719992019,0.18856871566085162,-0.8607702213878698,0.09263796379717743,0.0,-0.2953071675491711,-0.41734101641347954,1.0,0
Tommy Hilfiger,Fast Fashion,2015,Fall,26.100678316752116,7.74847399878482,2.233056618500827,36.622974745432536,0.3607591662592875,0.1949499956610944,0.4294936024828503,0.6527026776205641,0.4779441053938431,30,0.7711585584504631,0.4357808752951009,16.67,3.11378907834427,0,-0.21,2.3719530456017,0,-0.4701677804841689,0.20162601657089038,-0.4858054112659096,0.4574588571897126,-0.8687743697670443,0.2109133844636149,0.0,-0.3769492719992019,0.18856871566085162,0.0,0
Tommy Hilfiger,Fast Fashion,2015,Spring,26.55716190338135,5.894400457362749,2.5423193530305213,21.75461416244507,0.4835371815923911,0.2520066939674462,0.2895113794672302,0.5653304495134361,0.5869587219705805,30,2.8095839219454786,1.5876928645914683,16.67,3.11378907834427,0,-0.21,2.3719530456017,0,-0.4701677804841689,0.20162601657089038,-0.4858054112659096,0.4574588571897126,-0.8687743697670443,0.2109133844636149,0.0,-0.3769492719992019,0.18856871566085162,0.0,0
Tommy Hilfiger,Fast Fashion,2016,Fall,28.542099698384604,8.2286199056559,2.2487555185572785,33.999812316894534,0.3083812684146066,0.1840388665162935,0.3949171313902362,0.6511736608047541,0.496946616402509,30,0.8072990662169206,0.456203837519267,15.83,2.7935920724707,0,-0.38,1.91998029828646,0,-0.6046374732542956,0.046970093364745724,-0.6400182752270788,0.29305688164317606,-0.4701677804841689,0.20162601657089038,0.0,-0.4858054112659096,0.4574588571897126,0.0,0
Tommy Hilfiger,Fast Fashion,2016,Pre-Fall,29.429761341639928,5.681633512716181,2.3608515610879475,27.25768610409328,0.4837798366593197,0.2548836331443274,0.3384327810909932,0.5272204427183727,0.5141339243742238,28,2.5748047219682766,1.455019390185983,15.83,2.7935920724707,0,-0.38,1.91998029828646,0,-0.6046374732542956,0.046970093364745724,-0.6400182752270788,0.29305688164317606,-0.4701677804841689,0.20162601657089038,0.0,-0.4858054112659096,0.4574588571897126,0.0,0
Tommy Hilfiger,Fast Fashion,2016,Resort,32.799337296258834,3.6819773669074656,2.5126032673409995,45.29955128261021,0.4727611953151368,0.253195645394611,0.5367410023351245,0.6132330071916725,0.3037527179757376,21,1.6399787527121108,0.9267502363693988,15.83,2.7935920724707,0,-0.38,1.91998029828646,0,-0.6046374732542956,0.046970093364745724,-0.6400182752270788,0.29305688164317606,-0.4701677804841689,0.20162601657089038,0.0,-0.4858054112659096,0.4574588571897126,0.0,0
Tommy Hilfiger,Fast Fashion,2016,Spring,33.22600917816162,7.682561912990016,2.6400957084897736,40.99063533147176,0.4134430833606049,0.2602914679047783,0.4826653721260217,0.5115175262612427,0.350467349396095,30,2.0181732683928346,1.1404675520487,15.83,2.7935920724707,0,-0.38,1.91998029828646,0,-0.6046374732542956,0.046970093364745724,-0.6400182752270788,0.29305688164317606,-0.4701677804841689,0.20162601657089038,0.0,-0.4858054112659096,0.4574588571897126,0.0,0
Tommy Hilfiger,Fast Fashion,2017,Fall,27.396689546519312,6.450210173338019,1.9909117982438376,21.20719498601453,0.4919996459451022,0.2139307145405653,0.2998350323264904,0.6379402328358527,0.6384620825000316,29,2.0275771396159024,1.1457816696031824,11.09,3.45183009055702,0,-0.4,2.81811045546294,0,-1.3634307396000096,0.36490063771442877,-0.6581609651048634,0.6197455437689686,-0.6046374732542956,0.046970093364745724,0.0,-0.6400182752270788,0.29305688164317606,0.0,0
Tommy Hilfiger,Fast Fashion,2017,Pre-Fall,29.95055000305176,4.06125364507444,2.2930036034686996,32.86263404846191,0.4241742210125923,0.2404422456899101,0.4095868391853943,0.6376059749124129,0.4469300461144931,25,1.748945924482352,0.988327468408272,11.09,3.45183009055702,0,-0.4,2.81811045546294,0,-1.3634307396000096,0.36490063771442877,-0.6581609651048634,0.6197455437689686,-0.6046374732542956,0.046970093364745724,0.0,-0.6400182752270788,0.29305688164317606,0.0,0
Tommy Hilfiger,Fast Fashion,2017,Spring,31.098985290527345,7.043646127158396,1.687498860884033,38.39395736694336,0.4188649657890573,0.2602888304937958,0.4650845576708391,0.7419529617017823,0.6074870229045534,25,1.0330774475475113,0.5837909589494653,11.09,3.45183009055702,0,-0.4,2.81811045546294,0,-1.3634307396000096,0.36490063771442877,-0.6581609651048634,0.6197455437689686,-0.6046374732542956,0.046970093364745724,0.0,-0.6400182752270788,0.29305688164317606,0.0,0
Tommy Hilfiger,Fast Fashion,2018,Fall,27.93153330485026,5.883793658819728,2.343852898840609,21.51211477915446,0.3541959316490838,0.2583946149552109,0.2909009202673099,0.7089582046426551,0.3992248730869575,30,2.1823142647469314,1.2332234532562636,16.64,3.27395826417857,0,-0.4,2.0464201274383,0,-0.4749702695116736,0.2789881181832994,-0.6581609651048634,0.3390484991108342,-1.3634307396000096,0.36490063771442877,0.0,-0.6581609651048634,0.6197455437689686,0.0,0
Tommy Hilfiger,Fast Fashion,2019,Spring,39.400645637512206,8.468680464710125,2.556485596752655,52.27862790425618,0.401593012469386,0.2940896241941557,0.6262206606286889,0.3852912974351138,0.5032271865245342,30,1.9043144339863785,1.0761260466941789,15.39,2.67911757479926,0,-0.43,1.87524696216212,0,-0.6750739789910285,-0.008321364069827282,-0.6853749999215404,0.2767854385632256,-0.4749702695116736,0.2789881181832994,0.0,-0.6581609651048634,0.3390484991108342,0.0,0
Tommy Hilfiger,Fast Fashion,2020,Fall,24.95067413330078,5.881441626727551,2.5437656665566144,25.32179504394531,0.4727974717497081,0.2734595587062567,0.2957581262419,0.6761830909716933,0.2746260834938567,25,2.6292910634814795,1.485809563407897,29.25,-2.89922310337025,1,-0.5,-5.57888055659984,0,1.5436759517160588,-2.7026733152599762,-0.7488744144937866,-2.4346021336735815,-0.6750739789910285,-0.008321364069827282,0.0,-0.6853749999215404,0.2767854385632256,0.0,0
Tommy Hilfiger,Fast Fashion,2020,Spring,29.52416573251997,6.000656318514838,2.2837209488928045,52.051068033490864,0.1678130918879926,0.1560972250964547,0.5460865643432896,0.6658983492878129,0.3322019830984645,28,-0.7472945574398273,-0.4222953538877338,29.25,-2.89922310337025,1,-0.5,-5.57888055659984,0,1.5436759517160588,-2.7026733152599762,-0.7488744144937866,-2.4346021336735815,-0.6750739789910285,-0.008321364069827282,0.0,-0.6853749999215404,0.2767854385632256,0.0,0
Tommy Hilfiger,Fast Fashion,2021,Fall,20.54254300253732,5.948132111690039,2.0508035582248305,28.065490768069314,0.2966814009412413,0.1896839518018512,0.3349718093405521,0.7042439693665278,0.441249417994382,21,0.5662973575553903,0.320014030121982,19.66,6.4133496154197,0,-0.5,6.37775013900983,0,0.008480292590447795,1.7953216841607813,-0.7488744144937866,1.9145399748163467,1.5436759517160588,-2.7026733152599762,1.0,-0.7488744144937866,-2.4346021336735815,0.0,0
Tommy Hilfiger,Fast Fashion,2022,Spring,24.214691225687663,5.263668128262948,1.741701774553582,44.48153409957886,0.3736927277377496,0.1563772216160026,0.5006943915508687,0.9155598413876186,0.2012199453815196,30,-0.7070676358536498,-0.3995631635915175,25.64,3.40305483746891,0,0.08,3.56155233245134,0,0.9657764387396818,0.3413420732757172,-0.22273640803803263,0.8901674088193193,0.008480292590447795,1.7953216841607813,0.0,-0.7488744144937866,1.9145399748163467,0.0,0
Tommy Hilfiger,Fast Fashion,2023,Spring,27.12778771718343,4.757536555649342,2.4763102878914203,49.82466354370117,0.1860837873617497,0.1393751998720383,0.516509814668695,0.5724985482867236,0.4447919172809148,30,-0.5259558832200335,-0.2972171061899163,16.85,2.94859475004874,0,3.31,0.454322708045197,0,-0.44135284631914184,0.12183675907529753,2.707308007224183,-0.24006597751536088,0.9657764387396818,0.3413420732757172,0.0,-0.22273640803803263,0.8901674088193193,0.0,0
Tory Burch,Fast Fashion,2006,Fall,26.068276988135445,6.229002677242421,2.777746594920951,21.019263373480904,0.405327882452247,0.2649340549076385,0.2427451067390955,0.4542997315246093,0.4067280366244052,18,3.1083032697178714,1.7564988480216543,12.81,4.47616958858073,0,1.76,3.56754077134353,0,-1.088088035356417,0.85965907654233,1.3012495416958751,0.8923456622431459,-1.088088035356417,0.6560091804195404,0.0,0.6299700162178443,0.3161904801841202,0.0,0
Tory Burch,Fast Fashion,2007,Fall,31.494534368100375,5.3389433184852155,2.4295096028823067,35.460171326347016,0.4013122835362573,0.2848456133622379,0.4096197893635329,0.5797638062153113,0.4327714413472643,23,2.211204699283351,1.2495494068646038,17.54,4.41384473328112,0,2.84,3.14183566763455,0,-0.3308955986865383,0.8295560216784862,2.2809547950962443,0.7374983612372172,-1.088088035356417,0.85965907654233,0.0,1.3012495416958751,0.8923456622431459,0.0,0
Tory Burch,Fast Fashion,2007,Spring,30.229546970791286,8.365408551542568,2.1529823050723493,56.15710078345405,0.2469240378624655,0.2144119337558382,0.6002061101698524,0.6544505562616463,0.2206024781844785,18,-0.3386369679695583,-0.1913633878428034,17.54,4.41384473328112,0,2.84,3.14183566763455,0,-0.3308955986865383,0.8295560216784862,2.2809547950962443,0.7374983612372172,-1.088088035356417,0.85965907654233,0.0,1.3012495416958751,0.8923456622431459,0.0,0
Tory Burch,Fast Fashion,2008,Fall,27.994597361637997,4.449962310920149,2.6493225592699456,42.610820696904106,0.259915015228415,0.2206557509800437,0.4510455551867087,0.6584477710152026,0.324530370850698,26,0.8361119028228223,0.4724859406201965,32.69,2.09239458384161,1,3.01,0.617986886948614,0,2.094361360203243,-0.29170997848009034,2.4351676590574134,-0.18053425907049464,-0.3308955986865383,0.8295560216784862,0.0,2.2809547950962443,0.7374983612372172,0.0,0
Tory Burch,Fast Fashion,2008,Pre-Fall,24.80376594945004,3.2987545995416543,2.073347262804027,48.53953241047106,0.2752768328201124,0.1601824553543033,0.518291446232482,0.7763324099970618,0.2013748432196872,19,-0.7025469325199296,-0.3970085189803281,32.69,2.09239458384161,1,3.01,0.617986886948614,0,2.094361360203243,-0.29170997848009034,2.4351676590574134,-0.18053425907049464,-0.3308955986865383,0.8295560216784862,0.0,2.2809547950962443,0.7374983612372172,0.0,0
Tory Burch,Fast Fashion,2008,Resort,24.589138439723424,6.235817483275152,2.2625718567284294,50.73827997843424,0.2791674652369249,0.1735252411669296,0.5720175734221757,0.7598522490982029,0.6346946731389034,21,-0.6312884924578311,-0.3567404508351445,32.69,2.09239458384161,1,3.01,0.617986886948614,0,2.094361360203243,-0.29170997848009034,2.4351676590574134,-0.18053425907049464,-0.3308955986865383,0.8295560216784862,0.0,2.2809547950962443,0.7374983612372172,0.0,0
Tory Burch,Fast Fashion,2008,Spring,33.97464353388006,7.126038764188617,2.62249379054176,57.39634123715487,0.3293291762100363,0.2826095608884955,0.6117394044198181,0.591036101594408,0.3051752240631136,22,1.0351795346746635,0.5849788461332082,32.69,2.09239458384161,1,3.01,0.617986886948614,0,2.094361360203243,-0.29170997848009034,2.4351676590574134,-0.18053425907049464,-0.3308955986865383,0.8295560216784862,0.0,2.2809547950962443,0.7374983612372172,0.0,0
Tory Burch,Fast Fashion,2009,Fall,24.476867807322535,7.959975612272859,2.1763314914314797,23.977536859183477,0.267780847219686,0.2563580796505197,0.2690152855081291,0.5459662505319044,0.3730003488420284,29,1.7805672112661284,1.0061966236962332,31.48,-1.31864911944238,1,0.47,-4.31208831896211,0,1.9006609694272278,-1.939252283220413,0.13104604457876737,-1.9738151775755362,2.094361360203243,-0.29170997848009034,1.0,2.4351676590574134,-0.18053425907049464,0.0,0
Tory Burch,Fast Fashion,2009,Pre-Fall,29.86636984348297,5.822421577855388,2.291164426073352,48.10600781440735,0.3659972716719494,0.2100646194597226,0.5339068818643573,0.6537382068007312,0.3111345854806713,16,0.5146309013334477,0.290817371057424,31.48,-1.31864911944238,1,0.47,-4.31208831896211,0,1.9006609694272278,-1.939252283220413,0.13104604457876737,-1.9738151775755362,2.094361360203243,-0.29170997848009034,1.0,2.4351676590574134,-0.18053425907049464,0.0,0
Tory Burch,Fast Fashion,2009,Resort,32.728169565615445,7.562191842388556,2.2450469308539938,50.09044738437819,0.4237347266409627,0.2124904654969934,0.5942141557397401,0.7156331551329802,0.3132780653568308,23,0.5185259744189123,0.2930184726855157,31.48,-1.31864911944238,1,0.47,-4.31208831896211,0,1.9006609694272278,-1.939252283220413,0.13104604457876737,-1.9738151775755362,2.094361360203243,-0.29170997848009034,1.0,2.4351676590574134,-0.18053425907049464,0.0,0
Tory Burch,Fast Fashion,2009,Spring,27.74327168097863,5.67936577509679,2.2347655011692633,51.26121000143198,0.2800286549535723,0.1824045671150639,0.5614769338316355,0.6998475290903817,0.2400441588466413,26,-0.349758052035249,-0.1976479005351286,31.48,-1.31864911944238,1,0.47,-4.31208831896211,0,1.9006609694272278,-1.939252283220413,0.13104604457876737,-1.9738151775755362,2.094361360203243,-0.29170997848009034,1.0,2.4351676590574134,-0.18053425907049464,0.0,0
Tory Burch,Fast Fashion,2010,Fall,28.13580397901864,7.652602634959779,2.3519310872102706,29.32730849035855,0.3648749513818786,0.2576526489299054,0.3561909505103811,0.629702084448668,0.3203020812877381,29,1.9191422066190125,1.0845052051249815,22.55,4.52424032554684,0,0.25,2.18180099957819,0,0.4711200689067164,0.8828773580013044,-0.0685235440768634,0.38829235941705603,1.9006609694272278,-1.939252283220413,1.0,0.13104604457876737,-1.9738151775755362,0.0,0
Tory Burch,Fast Fashion,2010,Pre-Fall,30.628545200123508,4.337706515813821,2.202088095363476,35.915040745454675,0.3533467896912137,0.2223125309630561,0.3990648296823834,0.5660678534484926,0.3014036104668151,17,1.3579651470566796,0.767384649913879,22.55,4.52424032554684,0,0.25,2.18180099957819,0,0.4711200689067164,0.8828773580013044,-0.0685235440768634,0.38829235941705603,1.9006609694272278,-1.939252283220413,1.0,0.13104604457876737,-1.9738151775755362,0.0,0
Tory Burch,Fast Fashion,2010,Resort,25.17204737663269,4.870473515821849,2.176804099140491,47.39850890636444,0.2165366822649957,0.1335016266989503,0.515409328724898,0.7372269160679078,0.4165149685177602,16,-0.925035697816866,-0.5227366819138312,22.55,4.52424032554684,0,0.25,2.18180099957819,0,0.4711200689067164,0.8828773580013044,-0.0685235440768634,0.38829235941705603,1.9006609694272278,-1.939252283220413,1.0,0.13104604457876737,-1.9738151775755362,0.0,0
Tory Burch,Fast Fashion,2010,Spring,30.52351372582572,5.301523744976554,2.356262701971928,50.462017331804546,0.2866508479760626,0.2288127040764907,0.5515669582630508,0.5567306737686879,0.3495447314329836,28,0.4926164347944832,0.2783770195987286,22.55,4.52424032554684,0,0.25,2.18180099957819,0,0.4711200689067164,0.8828773580013044,-0.0685235440768634,0.38829235941705603,1.9006609694272278,-1.939252283220413,1.0,0.13104604457876737,-1.9738151775755362,0.0,0
Tory Burch,Fast Fashion,2011,Fall,30.0960069853684,4.9626200535479805,2.273995790559138,32.46434810243804,0.4551918578375259,0.3013478960442189,0.3856422011579932,0.7432116804627819,0.2739739707546421,29,2.290762437722006,1.2945073996319536,24.2,3.33900335400304,0,0.5,1.96060087405085,1,0.7352569654194647,0.31040505285882874,0.15826007939544431,0.30783233645360886,0.4711200689067164,0.8828773580013044,0.0,-0.0685235440768634,0.38829235941705603,0.0,0
Tory Burch,Fast Fashion,2011,Pre-Fall,28.25576051076253,4.833107537389087,2.1454677588950006,51.50381088256836,0.288126508018985,0.1922915388718886,0.5663019744425806,0.7026083519154702,0.2627337518567995,18,-0.3137978095195166,-0.1773268060110422,24.2,3.33900335400304,0,0.5,1.96060087405085,1,0.7352569654194647,0.31040505285882874,0.15826007939544431,0.30783233645360886,0.4711200689067164,0.8828773580013044,0.0,-0.0685235440768634,0.38829235941705603,0.0,0
Tory Burch,Fast Fashion,2011,Resort,40.568030324475515,6.010529686585069,2.5441207171912574,40.88701517828579,0.5764705075600088,0.3361230918283059,0.5251313144485626,0.5852122429383516,0.3711636257722918,29,3.2198766409408957,1.8195488405794664,24.2,3.33900335400304,0,0.5,1.96060087405085,1,0.7352569654194647,0.31040505285882874,0.15826007939544431,0.30783233645360886,0.4711200689067164,0.8828773580013044,0.0,-0.0685235440768634,0.38829235941705603,0.0,0
Tory Burch,Fast Fashion,2011,Spring,27.99251677195231,5.5732369002783795,1.841651786904952,57.308755493164064,0.3586793363718315,0.2177923506203145,0.6588183224317928,0.8862256224427261,0.2467596018326779,30,-0.766788043167879,-0.4333111017907231,24.2,3.33900335400304,0,0.5,1.96060087405085,1,0.7352569654194647,0.31040505285882874,0.15826007939544431,0.30783233645360886,0.4711200689067164,0.8828773580013044,0.0,-0.0685235440768634,0.38829235941705603,0.0,0
Tory Burch,Fast Fashion,2012,Fall,23.112817205231764,5.029919839010906,2.2733126132222763,28.986324376073377,0.355771888989891,0.2053501923511864,0.3455551147236135,0.6980178605413834,0.4827222523012897,29,1.1302522555844456,0.638704338874936,17.8,2.73120979279709,0,0.13,-0.764417073932009,1,-0.28927402711483224,0.016839302390280763,-0.1773796833435711,-0.6833741836503191,0.7352569654194647,0.31040505285882874,0.0,0.15826007939544431,0.30783233645360886,1.0,0
Tory Burch,Fast Fashion,2012,Resort,34.88632024567703,6.841784398270464,2.360304864844895,55.77946636594575,0.4691528277892362,0.2645210140199483,0.6836181294208971,0.7020306613907725,0.3961716413869169,29,0.8885624958052258,0.5021257145281031,17.8,2.73120979279709,0,0.13,-0.764417073932009,1,-0.28927402711483224,0.016839302390280763,-0.1773796833435711,-0.6833741836503191,0.7352569654194647,0.31040505285882874,0.0,0.15826007939544431,0.30783233645360886,1.0,0
Tory Burch,Fast Fashion,2012,Spring,26.42016347249349,7.269644065364243,2.570014688869135,71.46005083719889,0.2357360254609025,0.1811770584588328,0.7692227583718175,0.5831290736081075,0.4280617457167245,30,-1.3026591144553232,-0.7361312701361239,17.8,2.73120979279709,0,0.13,-0.764417073932009,1,-0.28927402711483224,0.016839302390280763,-0.1773796833435711,-0.6833741836503191,0.7352569654194647,0.31040505285882874,0.0,0.15826007939544431,0.30783233645360886,1.0,0
Tory Burch,Fast Fashion,2013,Fall,22.715609327952063,8.493825970909196,2.304008050319237,26.299844280878705,0.2924286445175608,0.2035274762064299,0.3018475882532385,0.6396447019827805,0.4909350565920894,30,1.1826810326897217,0.6683317846540476,14.23,2.88814205849093,0,0.0,-0.0330405739034347,1,-0.8607702213878698,0.09263796379717743,-0.2953071675491711,-0.41734101641347954,-0.28927402711483224,0.016839302390280763,0.0,-0.1773796833435711,-0.6833741836503191,1.0,0
Tory Burch,Fast Fashion,2013,Pre-Fall,23.08405320784625,6.185613759031956,2.363472077858376,32.46059445773854,0.372702810478068,0.2204631295053135,0.3714071624826859,0.6953464357923319,0.5632666865962502,17,1.2122740950370094,0.685054792485636,14.23,2.88814205849093,0,0.0,-0.0330405739034347,1,-0.8607702213878698,0.09263796379717743,-0.2953071675491711,-0.41734101641347954,-0.28927402711483224,0.016839302390280763,0.0,-0.1773796833435711,-0.6833741836503191,1.0,0
Tory Burch,Fast Fashion,2013,Resort,28.67111015319824,4.247639053704125,2.4511011993703464,56.72601496378581,0.302456067192989,0.2225136557900978,0.6107315143244961,0.6274325132138358,0.3583300372395354,30,0.0594918145150981,0.0336187606532913,14.23,2.88814205849093,0,0.0,-0.0330405739034347,1,-0.8607702213878698,0.09263796379717743,-0.2953071675491711,-0.41734101641347954,-0.28927402711483224,0.016839302390280763,0.0,-0.1773796833435711,-0.6833741836503191,1.0,0
Tory Burch,Fast Fashion,2013,Spring,29.10698006947835,5.505382068809899,2.326067941023514,57.38416760762532,0.3370393336935279,0.2519034797241862,0.6352543867681797,0.6944448222146575,0.3256967119768766,30,0.1665402727428945,0.0941117297247054,14.23,2.88814205849093,0,0.0,-0.0330405739034347,1,-0.8607702213878698,0.09263796379717743,-0.2953071675491711,-0.41734101641347954,-0.28927402711483224,0.016839302390280763,0.0,-0.1773796833435711,-0.6833741836503191,1.0,0
Tory Burch,Fast Fashion,2014,Fall,21.930430786950247,6.431643024556987,2.440826118171967,29.96700825010027,0.2911838850336748,0.1779123675987627,0.3502579915053211,0.6611215648334277,0.4929517404173093,28,0.7796417245169397,0.440574703351877,14.18,3.13301748764181,0,-0.09,1.63272217207499,0,-0.8687743697670443,0.2109133844636149,-0.3769492719992019,0.18856871566085162,-0.8607702213878698,0.09263796379717743,0.0,-0.2953071675491711,-0.41734101641347954,1.0,0
Tory Burch,Fast Fashion,2014,Pre-Fall,26.838293446434868,8.355412733602584,2.276056632072903,29.56422405772739,0.3511142351046825,0.2009284757027175,0.3517163489704641,0.7339699466980327,0.5567594254072756,18,1.1742875355706404,0.6635886284233888,14.18,3.13301748764181,0,-0.09,1.63272217207499,0,-0.8687743697670443,0.2109133844636149,-0.3769492719992019,0.18856871566085162,-0.8607702213878698,0.09263796379717743,0.0,-0.2953071675491711,-0.41734101641347954,1.0,0
Tory Burch,Fast Fashion,2014,Resort,25.55951189994812,3.5701598559674688,2.3564087834606293,52.911061922709145,0.3126165358827759,0.1955358583294399,0.5596029531260331,0.6086363610626636,0.2513734213460508,24,-0.0733796808780667,-0.0414667790579584,14.18,3.13301748764181,0,-0.09,1.63272217207499,0,-0.8687743697670443,0.2109133844636149,-0.3769492719992019,0.18856871566085162,-0.8607702213878698,0.09263796379717743,0.0,-0.2953071675491711,-0.41734101641347954,1.0,0
Tory Burch,Fast Fashion,2014,Spring,28.05203285217285,4.9978322024449575,2.7057868529265976,69.01811167399089,0.1537056829426126,0.179718857788546,0.7040771329320656,0.5942934480913001,0.3074301597070569,30,-1.1623971289947133,-0.6568693724046476,14.18,3.13301748764181,0,-0.09,1.63272217207499,0,-0.8687743697670443,0.2109133844636149,-0.3769492719992019,0.18856871566085162,-0.8607702213878698,0.09263796379717743,0.0,-0.2953071675491711,-0.41734101641347954,1.0,0
Tory Burch,Fast Fashion,2015,Fall,29.344223403930663,4.168155033965269,2.2855763734232912,37.31472078959147,0.4183721646804983,0.2373023321491746,0.445101971455384,0.672385120732335,0.3277695166119529,30,1.406203635559497,0.7946441680924881,16.67,3.11378907834427,0,-0.21,2.3719530456017,0,-0.4701677804841689,0.20162601657089038,-0.4858054112659096,0.4574588571897126,-0.8687743697670443,0.2109133844636149,0.0,-0.3769492719992019,0.18856871566085162,0.0,0
Tory Burch,Fast Fashion,2015,Pre-Fall,27.495200276374817,6.484594131525636,2.5284383674754323,35.61204552650452,0.3521020886107193,0.2329473351631974,0.3987977223437822,0.6579944319864676,0.3634603239604039,24,1.4581931099611638,0.8240233643843827,16.67,3.11378907834427,0,-0.21,2.3719530456017,0,-0.4701677804841689,0.20162601657089038,-0.4858054112659096,0.4574588571897126,-0.8687743697670443,0.2109133844636149,0.0,-0.3769492719992019,0.18856871566085162,0.0,0
Tory Burch,Fast Fashion,2015,Resort,26.18193634696629,2.906082948210127,2.355433314976934,73.69119594408119,0.1862252767617287,0.2030497115396973,0.76536267505246,0.6503905415311444,0.2797192070987885,23,-1.5967417915679532,-0.9023170759434008,16.67,3.11378907834427,0,-0.21,2.3719530456017,0,-0.4701677804841689,0.20162601657089038,-0.4858054112659096,0.4574588571897126,-0.8687743697670443,0.2109133844636149,0.0,-0.3769492719992019,0.18856871566085162,0.0,0
Tory Burch,Fast Fashion,2015,Spring,32.068809509277344,4.720186564359169,2.485173006894388,50.44634364446004,0.3034297628851917,0.2676467620666453,0.5503260233524565,0.6151986378212541,0.3739956198364961,30,0.9712154468421932,0.5488328086190863,16.67,3.11378907834427,0,-0.21,2.3719530456017,0,-0.4701677804841689,0.20162601657089038,-0.4858054112659096,0.4574588571897126,-0.8687743697670443,0.2109133844636149,0.0,-0.3769492719992019,0.18856871566085162,0.0,0
Tory Burch,Fast Fashion,2016,Fall,29.63768657048543,7.689842628223559,2.2347291511926506,39.65213492711385,0.4131147407124129,0.2288144365244514,0.482456482774609,0.6241974896034814,0.5844319045431912,30,1.1807997142523572,0.6672686536204105,15.83,2.7935920724707,0,-0.38,1.91998029828646,0,-0.6046374732542956,0.046970093364745724,-0.6400182752270788,0.29305688164317606,-0.4701677804841689,0.20162601657089038,0.0,-0.4858054112659096,0.4574588571897126,0.0,0
Tory Burch,Fast Fashion,2016,Pre-Fall,29.57636359642292,4.174368805693558,2.2989014783140793,39.56854142813847,0.4767078293486145,0.2466604930008589,0.4850112410085918,0.6856999469600836,0.3693683801468718,29,1.5026490571002002,0.8491453724902767,15.83,2.7935920724707,0,-0.38,1.91998029828646,0,-0.6046374732542956,0.046970093364745724,-0.6400182752270788,0.29305688164317606,-0.4701677804841689,0.20162601657089038,0.0,-0.4858054112659096,0.4574588571897126,0.0,0
Tory Burch,Fast Fashion,2016,Resort,28.65055777231852,4.095179157820972,2.2724986495533415,55.07707169850667,0.3106749324195086,0.2160070121316905,0.6065396202073122,0.7331180137200415,0.2386720541030401,30,-0.1765534847695415,-0.0997701851145485,15.83,2.7935920724707,0,-0.38,1.91998029828646,0,-0.6046374732542956,0.046970093364745724,-0.6400182752270788,0.29305688164317606,-0.4701677804841689,0.20162601657089038,0.0,-0.4858054112659096,0.4574588571897126,0.0,0
Tory Burch,Fast Fashion,2016,Spring,33.199886322021484,8.473629301630991,2.287233250996168,67.38172189120588,0.3650900889268016,0.2645954369443975,0.7643732445644664,0.6303172930953325,0.33827140533055,29,-0.0471043553391068,-0.0266186207427094,15.83,2.7935920724707,0,-0.38,1.91998029828646,0,-0.6046374732542956,0.046970093364745724,-0.6400182752270788,0.29305688164317606,-0.4701677804841689,0.20162601657089038,0.0,-0.4858054112659096,0.4574588571897126,0.0,0
Tory Burch,Fast Fashion,2017,Fall,33.193963050842285,7.582541517803918,2.237645223510439,45.38949515024821,0.3652537979679803,0.25990386172149,0.5206787028427546,0.7404657014261666,0.3636122355741953,30,1.038783389868424,0.5870153808426581,11.09,3.45183009055702,0,-0.4,2.81811045546294,0,-1.3634307396000096,0.36490063771442877,-0.6581609651048634,0.6197455437689686,-0.6046374732542956,0.046970093364745724,0.0,-0.6400182752270788,0.29305688164317606,0.0,0
Tory Burch,Fast Fashion,2017,Resort,28.206576307614643,6.76325999573601,1.7876475948385648,46.80173889795939,0.2685702164717561,0.144421202587924,0.5244898794716767,0.8090738724496958,0.3292402518678184,24,-0.9319611804938416,-0.5266502647558314,11.09,3.45183009055702,0,-0.4,2.81811045546294,0,-1.3634307396000096,0.36490063771442877,-0.6581609651048634,0.6197455437689686,-0.6046374732542956,0.046970093364745724,0.0,-0.6400182752270788,0.29305688164317606,0.0,0
Tory Burch,Fast Fashion,2017,Spring,34.06089841908422,4.623973163864266,2.667496150286305,64.2778351224702,0.2379170236565365,0.2182858470646604,0.6948400337967764,0.5478057978824091,0.4205607850909843,29,-0.1186290137357446,-0.0670371285835611,11.09,3.45183009055702,0,-0.4,2.81811045546294,0,-1.3634307396000096,0.36490063771442877,-0.6581609651048634,0.6197455437689686,-0.6046374732542956,0.046970093364745724,0.0,-0.6400182752270788,0.29305688164317606,0.0,0
Tory Burch,Fast Fashion,2018,Fall,30.433226618273505,6.5328752819636104,2.2271992656768855,43.15640041745942,0.3478703401036047,0.2171958124514819,0.4988267842743802,0.6600801510338524,0.3377124241611775,29,0.7185844402343952,0.406071297409974,16.64,3.27395826417857,0,-0.4,2.0464201274383,0,-0.4749702695116736,0.2789881181832994,-0.6581609651048634,0.3390484991108342,-1.3634307396000096,0.36490063771442877,0.0,-0.6581609651048634,0.6197455437689686,0.0,0
Tory Burch,Fast Fashion,2019,Fall,27.946246476008973,7.238947474944742,2.5657189355713483,41.94153397658776,0.2426208878141217,0.2062050603433332,0.4510888517388817,0.5531614080529796,0.3487046142094286,29,0.7370452361615335,0.4165034734127115,15.39,2.67911757479926,0,-0.43,1.87524696216212,0,-0.6750739789910285,-0.008321364069827282,-0.6853749999215404,0.2767854385632256,-0.4749702695116736,0.2789881181832994,0.0,-0.6581609651048634,0.3390484991108342,0.0,0
Tory Burch,Fast Fashion,2019,Pre-Fall,21.532931963602703,4.6753177080145765,2.0762505415300376,25.465303262074787,0.5718067644089461,0.2049727091302759,0.3172310594767332,0.8265277132988157,0.1535495889660475,24,1.6222714569105334,0.9167438624804466,15.39,2.67911757479926,0,-0.43,1.87524696216212,0,-0.6750739789910285,-0.008321364069827282,-0.6853749999215404,0.2767854385632256,-0.4749702695116736,0.2789881181832994,0.0,-0.6581609651048634,0.3390484991108342,0.0,0
Tory Burch,Fast Fashion,2019,Resort,22.64336540388024,4.001911227560604,2.3415019919341487,50.36226231118907,0.2958365985842259,0.2210881460873702,0.5277585808113218,0.6655023477852974,0.2897108801050193,23,0.0298740769540094,0.0168818088848166,15.39,2.67911757479926,0,-0.43,1.87524696216212,0,-0.6750739789910285,-0.008321364069827282,-0.6853749999215404,0.2767854385632256,-0.4749702695116736,0.2789881181832994,0.0,-0.6581609651048634,0.3390484991108342,0.0,0
Tory Burch,Fast Fashion,2019,Spring,31.178358607821995,6.025572238203609,2.4600314065513733,56.48373271800853,0.2346306250553095,0.2331084169712929,0.6010855567693987,0.5231666559728492,0.3733966017804557,27,0.2046819435510948,0.1156655470400621,15.39,2.67911757479926,0,-0.43,1.87524696216212,0,-0.6750739789910285,-0.008321364069827282,-0.6853749999215404,0.2767854385632256,-0.4749702695116736,0.2789881181832994,0.0,-0.6581609651048634,0.3390484991108342,0.0,0
Tory Burch,Fast Fashion,2020,Fall,29.04859289629706,8.730362657732856,2.354869474771425,42.077258636211525,0.277712378337337,0.2193245712507483,0.4562734387583452,0.6561301476200545,0.418364062482178,29,0.7003987873983366,0.3957946044732652,29.25,-2.89922310337025,1,-0.5,-5.57888055659984,0,1.5436759517160588,-2.7026733152599762,-0.7488744144937866,-2.4346021336735815,-0.6750739789910285,-0.008321364069827282,0.0,-0.6853749999215404,0.2767854385632256,0.0,0
Tory Burch,Fast Fashion,2020,Pre-Fall,23.92573087865656,3.700933273015933,1.841078228376397,44.70817435871471,0.4238452284408902,0.1983553885422551,0.5001561586985533,0.961444705040756,0.1151268854285589,22,-0.1955204342883806,-0.110488387969751,29.25,-2.89922310337025,1,-0.5,-5.57888055659984,0,1.5436759517160588,-2.7026733152599762,-0.7488744144937866,-2.4346021336735815,-0.6750739789910285,-0.008321364069827282,0.0,-0.6853749999215404,0.2767854385632256,0.0,0
Tory Burch,Fast Fashion,2020,Resort,23.0640393892924,5.428867195152405,1.5637098992244616,32.124109625816345,0.6581704020500183,0.1599480404208103,0.397527461250623,0.9767317349712054,0.0974536106611291,24,0.6086383026014509,0.3439408528107809,29.25,-2.89922310337025,1,-0.5,-5.57888055659984,0,1.5436759517160588,-2.7026733152599762,-0.7488744144937866,-2.4346021336735815,-0.6750739789910285,-0.008321364069827282,0.0,-0.6853749999215404,0.2767854385632256,0.0,0
Tory Burch,Fast Fashion,2020,Spring,30.478286743164062,9.456306624249532,2.495124400637884,61.55919761657715,0.2327889740347241,0.1920556766523448,0.6592828862897121,0.5636297110917254,0.4625932971682865,30,-0.4925702915322602,-0.2783509440906763,29.25,-2.89922310337025,1,-0.5,-5.57888055659984,0,1.5436759517160588,-2.7026733152599762,-0.7488744144937866,-2.4346021336735815,-0.6750739789910285,-0.008321364069827282,0.0,-0.6853749999215404,0.2767854385632256,0.0,0
Tory Burch,Fast Fashion,2021,Fall,25.10546244893755,4.4744419262742054,2.338788269606745,33.58766726085118,0.3358948362872803,0.1870935999846018,0.3697053308667881,0.5887912046721285,0.3722587155542735,28,0.9915859559931408,0.5603441615188636,19.66,6.4133496154197,0,-0.5,6.37775013900983,0,0.008480292590447795,1.7953216841607813,-0.7488744144937866,1.9145399748163467,1.5436759517160588,-2.7026733152599762,1.0,-0.7488744144937866,-2.4346021336735815,0.0,0
Tory Burch,Fast Fashion,2021,Pre-Fall,25.94516830444336,6.135501621531686,2.295826710050092,49.69784293174744,0.2227147338254842,0.152925087991611,0.5261482456684579,0.6310297404245593,0.3701225070786895,20,-0.5858892799697184,-0.3310854044909381,19.66,6.4133496154197,0,-0.5,6.37775013900983,0,0.008480292590447795,1.7953216841607813,-0.7488744144937866,1.9145399748163467,1.5436759517160588,-2.7026733152599762,1.0,-0.7488744144937866,-2.4346021336735815,0.0,0
Tory Burch,Fast Fashion,2021,Spring,26.86027921479324,5.461307196473736,2.4089357036158137,46.4491873445182,0.2871628526409059,0.2031461165346428,0.4930869611847889,0.6267590730532934,0.2645502166335374,29,0.3519376648566874,0.198879597405665,19.66,6.4133496154197,0,-0.5,6.37775013900983,0,0.008480292590447795,1.7953216841607813,-0.7488744144937866,1.9145399748163467,1.5436759517160588,-2.7026733152599762,1.0,-0.7488744144937866,-2.4346021336735815,0.0,0
Tory Burch,Fast Fashion,2022,Fall,30.08123664855957,7.402865949999945,2.543240948281097,29.729209915796915,0.4261394496526569,0.2440906431515273,0.362033472314539,0.5433479024713205,0.4508795568542089,30,2.320652954922746,1.3113984988825864,25.64,3.40305483746891,0,0.08,3.56155233245134,0,0.9657764387396818,0.3413420732757172,-0.22273640803803263,0.8901674088193193,0.008480292590447795,1.7953216841607813,0.0,-0.7488744144937866,1.9145399748163467,0.0,0
Tory Burch,Fast Fashion,2022,Pre-Fall,26.98809469313849,5.44874325508286,2.299828645851095,37.42205606188093,0.4495125763874855,0.2119092771881553,0.4366547240659239,0.7336181910316861,0.3220447331517269,21,1.1514168900023882,0.6506644511124045,25.64,3.40305483746891,0,0.08,3.56155233245134,0,0.9657764387396818,0.3413420732757172,-0.22273640803803263,0.8901674088193193,0.008480292590447795,1.7953216841607813,0.0,-0.7488744144937866,1.9145399748163467,0.0,0
Tory Burch,Fast Fashion,2022,Resort,25.15185891257392,7.649131796876727,2.367255326905521,36.0194345580207,0.2456570832081553,0.1607289054462302,0.387981706609639,0.6009540877181264,0.4892949722777638,18,0.3758953952640398,0.2124180851947112,25.64,3.40305483746891,0,0.08,3.56155233245134,0,0.9657764387396818,0.3413420732757172,-0.22273640803803263,0.8901674088193193,0.008480292590447795,1.7953216841607813,0.0,-0.7488744144937866,1.9145399748163467,0.0,0
Tory Burch,Fast Fashion,2022,Spring,35.201755918305494,7.7652338451667395,2.1275730760984435,42.709253738666405,0.4397142777017735,0.2613473917259031,0.5047340168125992,0.715864542354788,0.4851557282313287,29,1.4435600739042858,0.8157542513839326,25.64,3.40305483746891,0,0.08,3.56155233245134,0,0.9657764387396818,0.3413420732757172,-0.22273640803803263,0.8901674088193193,0.008480292590447795,1.7953216841607813,0.0,-0.7488744144937866,1.9145399748163467,0.0,0
Tory Burch,Fast Fashion,2023,Fall,22.52885111172994,9.223366049655272,2.0263510129281497,36.20732494990031,0.338800045293228,0.180300015867808,0.4187984432803777,0.6673952201373304,0.3892116739353475,30,0.2784942274773128,0.1573767896171151,16.85,2.94859475004874,0,3.31,0.454322708045197,0,-0.44135284631914184,0.12183675907529753,2.707308007224183,-0.24006597751536088,0.9657764387396818,0.3413420732757172,0.0,-0.22273640803803263,0.8901674088193193,0.0,0
Tory Burch,Fast Fashion,2023,Resort,32.338149422093444,9.229642773664938,2.147127605730035,34.63852199755217,0.4262478224024373,0.2332388195434644,0.4315954651259081,0.6906803088900023,0.3601164288285899,19,1.5156463080449625,0.856490105076166,16.85,2.94859475004874,0,3.31,0.454322708045197,0,-0.44135284631914184,0.12183675907529753,2.707308007224183,-0.24006597751536088,0.9657764387396818,0.3413420732757172,0.0,-0.22273640803803263,0.8901674088193193,0.0,0
Tory Burch,Fast Fashion,2023,Spring,24.59608443578084,6.416581290398484,2.3208136853527583,46.99295377731323,0.2377030652301075,0.1770878794130801,0.497248898128327,0.5979639324726944,0.3470294262801452,30,-0.1860610729876056,-0.1051429130317988,16.85,2.94859475004874,0,3.31,0.454322708045197,0,-0.44135284631914184,0.12183675907529753,2.707308007224183,-0.24006597751536088,0.9657764387396818,0.3413420732757172,0.0,-0.22273640803803263,0.8901674088193193,0.0,0
Vanessa Bruno,Fast Fashion,2009,Fall,18.552791924312196,5.592886948133509,1.8913831674327803,15.833578043970569,0.2471973249902306,0.214659552582627,0.1908641016596671,0.7372813490466075,0.1766509752340839,29,1.0981019536094214,0.6205362376690958,31.48,-1.31864911944238,1,0.47,-4.31208831896211,0,1.9006609694272278,-1.939252283220413,0.13104604457876737,-1.9738151775755362,2.094361360203243,-0.29170997848009034,1.0,2.4351676590574134,-0.18053425907049464,0.0,0
Vanessa Bruno,Fast Fashion,2010,Fall,23.743547503153483,7.6239181010487,2.2647748481415113,29.05423069000244,0.2516984505192376,0.2259260507333349,0.3259806617473562,0.5832437917147171,0.2805948669667006,30,1.1720938950337492,0.6623490045058769,22.55,4.52424032554684,0,0.25,2.18180099957819,0,0.4711200689067164,0.8828773580013044,-0.0685235440768634,0.38829235941705603,1.9006609694272278,-1.939252283220413,1.0,0.13104604457876737,-1.9738151775755362,0.0,0
Vanessa Bruno,Fast Fashion,2010,Spring,26.252915064493816,8.365826049882264,2.2510846673083176,50.25105272928874,0.2419257461901443,0.1820768115144596,0.5541291589764568,0.627990005985408,0.4899120068372343,30,-0.396223731360613,-0.2239056061466384,22.55,4.52424032554684,0,0.25,2.18180099957819,0,0.4711200689067164,0.8828773580013044,-0.0685235440768634,0.38829235941705603,1.9006609694272278,-1.939252283220413,1.0,0.13104604457876737,-1.9738151775755362,0.0,0
Vanessa Bruno,Fast Fashion,2011,Fall,23.447468724744073,5.888154816543024,2.5062835004727813,52.5769839780084,0.1441191712252731,0.1542215827430897,0.5347434835058862,0.565094759704807,0.3255751590617001,29,-0.8024961210927578,-0.4534896983746433,24.2,3.33900335400304,0,0.5,1.96060087405085,1,0.7352569654194647,0.31040505285882874,0.15826007939544431,0.30783233645360886,0.4711200689067164,0.8828773580013044,0.0,-0.0685235440768634,0.38829235941705603,0.0,0
Vanessa Bruno,Fast Fashion,2011,Spring,31.36034615834554,5.011515470677997,2.61261551061409,54.03313579559326,0.391718627362512,0.2703818458673858,0.6060972660500246,0.4918130453509082,0.3982491561210792,30,1.2383767216753914,0.6998053588371681,24.2,3.33900335400304,0,0.5,1.96060087405085,1,0.7352569654194647,0.31040505285882874,0.15826007939544431,0.30783233645360886,0.4711200689067164,0.8828773580013044,0.0,-0.0685235440768634,0.38829235941705603,0.0,0
Vanessa Bruno,Fast Fashion,2012,Fall,20.77199948628743,8.784487356244,2.2528210999338127,21.716719754536943,0.1866518984222784,0.1993393552172125,0.2366603972485909,0.5798649533280583,0.4809108057262842,30,1.0582539292663584,0.5980181617990789,17.8,2.73120979279709,0,0.13,-0.764417073932009,1,-0.28927402711483224,0.016839302390280763,-0.1773796833435711,-0.6833741836503191,0.7352569654194647,0.31040505285882874,0.0,0.15826007939544431,0.30783233645360886,1.0,0
Vanessa Bruno,Fast Fashion,2012,Spring,18.45885470708211,5.057348640219297,2.201422635039158,71.55967280069987,0.189739343920381,0.1339895003584387,0.7431840578017755,0.6461482653522727,0.3656399532275119,30,-2.495784985438425,-1.4103654217209762,17.8,2.73120979279709,0,0.13,-0.764417073932009,1,-0.28927402711483224,0.016839302390280763,-0.1773796833435711,-0.6833741836503191,0.7352569654194647,0.31040505285882874,0.0,0.15826007939544431,0.30783233645360886,1.0,0
Vanessa Bruno,Fast Fashion,2013,Fall,25.5580488402268,8.554551336856173,2.158355711784,36.27905378670528,0.1685207920920039,0.1856506984081143,0.3786509865183254,0.4773565056514825,0.4566693177154962,29,0.3479451422091691,0.1966234271344473,14.23,2.88814205849093,0,0.0,-0.0330405739034347,1,-0.8607702213878698,0.09263796379717743,-0.2953071675491711,-0.41734101641347954,-0.28927402711483224,0.016839302390280763,0.0,-0.1773796833435711,-0.6833741836503191,1.0,0
Vanessa Bruno,Fast Fashion,2013,Spring,26.35226578548037,7.755043197867268,1.864128418823071,56.819308774224645,0.2547658464772113,0.1931500009549889,0.6244159654809548,0.7550930532057999,0.2157685392586482,29,-1.096471114634897,-0.6196146523115897,14.23,2.88814205849093,0,0.0,-0.0330405739034347,1,-0.8607702213878698,0.09263796379717743,-0.2953071675491711,-0.41734101641347954,-0.28927402711483224,0.016839302390280763,0.0,-0.1773796833435711,-0.6833741836503191,1.0,0
Vanessa Bruno,Fast Fashion,2014,Fall,19.42358345820986,6.071661906257779,2.1442111457800648,32.5707148354629,0.2716750796489289,0.1889529811229156,0.3563732263440394,0.7451205990809645,0.4916635630743514,29,0.2681332693323886,0.1515218232683483,14.18,3.13301748764181,0,-0.09,1.63272217207499,0,-0.8687743697670443,0.2109133844636149,-0.3769492719992019,0.18856871566085162,-0.8607702213878698,0.09263796379717743,0.0,-0.2953071675491711,-0.41734101641347954,1.0,0
Vanessa Bruno,Fast Fashion,2014,Resort,26.899992796090935,7.24442096243,1.731977783152837,42.40025788087111,0.2241780695226043,0.1484145604706886,0.469138475781808,0.7701303285727694,0.4538041882002592,26,-0.8229082565860305,-0.4650245742758773,14.18,3.13301748764181,0,-0.09,1.63272217207499,0,-0.8687743697670443,0.2109133844636149,-0.3769492719992019,0.18856871566085162,-0.8607702213878698,0.09263796379717743,0.0,-0.2953071675491711,-0.41734101641347954,1.0,0
Vanessa Bruno,Fast Fashion,2014,Spring,33.07460923030459,9.18118597858351,2.45119746396116,53.66740463519918,0.4664048245403722,0.2587046660380774,0.6334193416042574,0.5981700553011083,0.3696870526596301,29,1.1429958192559837,0.6459057130544827,14.18,3.13301748764181,0,-0.09,1.63272217207499,0,-0.8687743697670443,0.2109133844636149,-0.3769492719992019,0.18856871566085162,-0.8607702213878698,0.09263796379717743,0.0,-0.2953071675491711,-0.41734101641347954,1.0,0
Vanessa Bruno,Fast Fashion,2015,Fall,25.33734752513744,10.90977635558458,1.669800801972595,32.93929772906833,0.3849697882710025,0.1821577324870793,0.3866936939352502,0.7123088925913093,0.6230714763241509,27,0.415071372311925,0.2345563878581379,16.67,3.11378907834427,0,-0.21,2.3719530456017,0,-0.4701677804841689,0.20162601657089038,-0.4858054112659096,0.4574588571897126,-0.8687743697670443,0.2109133844636149,0.0,-0.3769492719992019,0.18856871566085162,0.0,0
Vanessa Bruno,Fast Fashion,2015,Spring,21.682918051014777,6.691546107405395,2.0442931524352312,61.89216796211574,0.183822145318086,0.1435471056554496,0.647647414265322,0.6705181896654319,0.4202673001154123,23,-1.907287778251999,-1.0778062803535566,16.67,3.11378907834427,0,-0.21,2.3719530456017,0,-0.4701677804841689,0.20162601657089038,-0.4858054112659096,0.4574588571897126,-0.8687743697670443,0.2109133844636149,0.0,-0.3769492719992019,0.18856871566085162,0.0,0
Vanessa Bruno,Fast Fashion,2016,Fall,23.147319285074868,6.455999663732498,1.9022224705436703,30.31334972381592,0.4307986393265736,0.1845258800250532,0.3778324256795768,0.7236618051754781,0.609107990339088,30,0.7526955468869346,0.4253474472386127,15.83,2.7935920724707,0,-0.38,1.91998029828646,0,-0.6046374732542956,0.046970093364745724,-0.6400182752270788,0.29305688164317606,-0.4701677804841689,0.20162601657089038,0.0,-0.4858054112659096,0.4574588571897126,0.0,0
Vanessa Bruno,Fast Fashion,2016,Spring,29.04867353439331,7.939993517169324,1.9089301007807395,49.03405609130859,0.3489101893058046,0.2136098054797427,0.5690766200040778,0.8281210256280472,0.3545270990090134,30,-0.1811771382689495,-0.1023830067540851,15.83,2.7935920724707,0,-0.38,1.91998029828646,0,-0.6046374732542956,0.046970093364745724,-0.6400182752270788,0.29305688164317606,-0.4701677804841689,0.20162601657089038,0.0,-0.4858054112659096,0.4574588571897126,0.0,0
Vanessa Bruno,Fast Fashion,2017,Fall,25.503675746917725,6.670716727051976,2.353338214948862,27.871405506134032,0.429713689735718,0.223204411614501,0.3412329474496655,0.7159941350816755,0.3556749875681785,30,1.7089430107746977,0.965721864724246,11.09,3.45183009055702,0,-0.4,2.81811045546294,0,-1.3634307396000096,0.36490063771442877,-0.6581609651048634,0.6197455437689686,-0.6046374732542956,0.046970093364745724,0.0,-0.6400182752270788,0.29305688164317606,0.0,0
Vanessa Bruno,Fast Fashion,2017,Spring,28.014453887939453,7.019621884266235,1.9621494506838044,62.509002344948904,0.4008868666488477,0.2090861361301896,0.7420762057940676,0.7825655513049972,0.293697255548572,28,-0.8590086886039286,-0.4854248897374627,11.09,3.45183009055702,0,-0.4,2.81811045546294,0,-1.3634307396000096,0.36490063771442877,-0.6581609651048634,0.6197455437689686,-0.6046374732542956,0.046970093364745724,0.0,-0.6400182752270788,0.29305688164317606,0.0,0
Vanessa Bruno,Fast Fashion,2018,Fall,24.25832778009875,5.206687317819992,1.7113803385181094,27.878590781113196,0.5905097407531635,0.1984341139164462,0.3617303675058265,0.9684478380470706,0.1144547941069166,29,1.1046393696133905,0.6242305244498875,16.64,3.27395826417857,0,-0.4,2.0464201274383,0,-0.4749702695116736,0.2789881181832994,-0.6581609651048634,0.3390484991108342,-1.3634307396000096,0.36490063771442877,0.0,-0.6581609651048634,0.6197455437689686,0.0,0
Vanessa Bruno,Fast Fashion,2019,Fall,25.408876010349815,7.199534496682911,1.871168762460497,37.36239344733102,0.2956408076583008,0.1513651685926003,0.4302767644620368,0.9305927629521126,0.2223656460665099,28,-0.4655377428892386,-0.2630748798104793,15.39,2.67911757479926,0,-0.43,1.87524696216212,0,-0.6750739789910285,-0.008321364069827282,-0.6853749999215404,0.2767854385632256,-0.4749702695116736,0.2789881181832994,0.0,-0.6581609651048634,0.3390484991108342,0.0,0
Vanessa Bruno,Fast Fashion,2019,Spring,24.64557483278472,4.954173191377583,1.6419847530199518,55.58056541969036,0.5155131599702711,0.2110514321410215,0.6504630298645332,0.8475667638415675,0.252266640866946,29,-0.5080412211303877,-0.2870935498337129,15.39,2.67911757479926,0,-0.43,1.87524696216212,0,-0.6750739789910285,-0.008321364069827282,-0.6853749999215404,0.2767854385632256,-0.4749702695116736,0.2789881181832994,0.0,-0.6581609651048634,0.3390484991108342,0.0,0
Vanessa Bruno,Fast Fashion,2020,Fall,27.60211799762867,4.961933666979118,2.2863992236566415,44.58966562483046,0.3592442697678796,0.2174837376472436,0.5148197664749566,0.7553256046092146,0.3087298891369115,27,0.4789565926531087,0.2706578574374187,29.25,-2.89922310337025,1,-0.5,-5.57888055659984,0,1.5436759517160588,-2.7026733152599762,-0.7488744144937866,-2.4346021336735815,-0.6750739789910285,-0.008321364069827282,0.0,-0.6853749999215404,0.2767854385632256,0.0,0
Vanessa Bruno,Fast Fashion,2020,Spring,30.201430247380184,5.958330548743353,1.9064800379250064,62.073841681847206,0.5015154808112062,0.2517760506326919,0.7250618427520474,0.8465938985550434,0.2174380395326386,26,-0.1467647026298779,-0.0829365762379486,29.25,-2.89922310337025,1,-0.5,-5.57888055659984,0,1.5436759517160588,-2.7026733152599762,-0.7488744144937866,-2.4346021336735815,-0.6750739789910285,-0.008321364069827282,0.0,-0.6853749999215404,0.2767854385632256,0.0,0
